,index,sub_id,species_codes,locality_id,latitude.x,longitude.x,datetime,effort_hrs,end_time,closest_ARU_id
0,499,S36728358,yetvir,L1498729,42.4795201,-76.4551642,2017-05-11 06:57:00,1.0,2017-05-11 07:57:00,14.0
1,499,S36728358,bkbwar,L1498729,42.4795201,-76.4551642,2017-05-11 06:57:00,1.0,2017-05-11 07:57:00,14.0
2,499,S36728358,boboli,L1498729,42.4795201,-76.4551642,2017-05-11 06:57:00,1.0,2017-05-11 07:57:00,14.0
3,499,S36728358,buhvir,L1498729,42.4795201,-76.4551642,2017-05-11 06:57:00,1.0,2017-05-11 07:57:00,14.0
4,499,S36728358,wooduc,L1498729,42.4795201,-76.4551642,2017-05-11 06:57:00,1.0,2017-05-11 07:57:00,14.0
5,499,S36728358,bawwar,L1498729,42.4795201,-76.4551642,2017-05-11 06:57:00,1.0,2017-05-11 07:57:00,14.0
6,499,S36728358,comyel,L1498729,42.4795201,-76.4551642,2017-05-11 06:57:00,1.0,2017-05-11 07:57:00,14.0
7,499,S36728358,yelwar,L1498729,42.4795201,-76.4551642,2017-05-11 06:57:00,1.0,2017-05-11 07:57:00,14.0
8,499,S36728358,rewbla,L1498729,42.4795201,-76.4551642,2017-05-11 06:57:00,1.0,2017-05-11 07:57:00,14.0
9,499,S36728358,whbnut,L1498729,42.4795201,-76.4551642,2017-05-11 06:57:00,1.0,2017-05-11 07:57:00,14.0
10,499,S36728358,rebwoo,L1498729,42.4795201,-76.4551642,2017-05-11 06:57:00,1.0,2017-05-11 07:57:00,14.0
11,499,S36728358,naswar,L1498729,42.4795201,-76.4551642,2017-05-11 06:57:00,1.0,2017-05-11 07:57:00,14.0
12,499,S36728358,amegfi,L1498729,42.4795201,-76.4551642,2017-05-11 06:57:00,1.0,2017-05-11 07:57:00,14.0
13,499,S36728358,reevir1,L1498729,42.4795201,-76.4551642,2017-05-11 06:57:00,1.0,2017-05-11 07:57:00,14.0
14,499,S36728358,warvir,L1498729,42.4795201,-76.4551642,2017-05-11 06:57:00,1.0,2017-05-11 07:57:00,14.0
15,499,S36728358,amerob,L1498729,42.4795201,-76.4551642,2017-05-11 06:57:00,1.0,2017-05-11 07:57:00,14.0
16,499,S36728358,grycat,L1498729,42.4795201,-76.4551642,2017-05-11 06:57:00,1.0,2017-05-11 07:57:00,14.0
17,499,S36728358,sonspa,L1498729,42.4795201,-76.4551642,2017-05-11 06:57:00,1.0,2017-05-11 07:57:00,14.0
18,499,S36728358,norcar,L1498729,42.4795201,-76.4551642,2017-05-11 06:57:00,1.0,2017-05-11 07:57:00,14.0
19,499,S36728358,blujay,L1498729,42.4795201,-76.4551642,2017-05-11 06:57:00,1.0,2017-05-11 07:57:00,14.0
20,499,S36728358,balori,L1498729,42.4795201,-76.4551642,2017-05-11 06:57:00,1.0,2017-05-11 07:57:00,14.0
21,499,S36728358,swaspa,L1498729,42.4795201,-76.4551642,2017-05-11 06:57:00,1.0,2017-05-11 07:57:00,14.0
22,499,S36728358,ruckin,L1498729,42.4795201,-76.4551642,2017-05-11 06:57:00,1.0,2017-05-11 07:57:00,14.0
23,499,S36728358,whtspa,L1498729,42.4795201,-76.4551642,2017-05-11 06:57:00,1.0,2017-05-11 07:57:00,14.0
24,499,S36728358,ovenbi1,L1498729,42.4795201,-76.4551642,2017-05-11 06:57:00,1.0,2017-05-11 07:57:00,14.0
25,499,S36728358,amecro,L1498729,42.4795201,-76.4551642,2017-05-11 06:57:00,1.0,2017-05-11 07:57:00,14.0
26,499,S36728358,bnhcow,L1498729,42.4795201,-76.4551642,2017-05-11 06:57:00,1.0,2017-05-11 07:57:00,14.0
27,499,S36728358,yerwar,L1498729,42.4795201,-76.4551642,2017-05-11 06:57:00,1.0,2017-05-11 07:57:00,14.0
28,499,S36728358,easpho,L1498729,42.4795201,-76.4551642,2017-05-11 06:57:00,1.0,2017-05-11 07:57:00,14.0
29,499,S36728358,bkcchi,L1498729,42.4795201,-76.4551642,2017-05-11 06:57:00,1.0,2017-05-11 07:57:00,14.0
30,499,S36728358,wlswar,L1498729,42.4795201,-76.4551642,2017-05-11 06:57:00,1.0,2017-05-11 07:57:00,14.0
31,499,S36728358,robgro,L1498729,42.4795201,-76.4551642,2017-05-11 06:57:00,1.0,2017-05-11 07:57:00,14.0
32,499,S36728358,pilwoo,L1498729,42.4795201,-76.4551642,2017-05-11 06:57:00,1.0,2017-05-11 07:57:00,14.0
33,499,S36728358,grcfly,L1498729,42.4795201,-76.4551642,2017-05-11 06:57:00,1.0,2017-05-11 07:57:00,14.0
34,499,S36728358,amered,L1498729,42.4795201,-76.4551642,2017-05-11 06:57:00,1.0,2017-05-11 07:57:00,14.0
35,499,S36728358,woothr,L1498729,42.4795201,-76.4551642,2017-05-11 06:57:00,1.0,2017-05-11 07:57:00,14.0
36,499,S36728358,wilfly,L1498729,42.4795201,-76.4551642,2017-05-11 06:57:00,1.0,2017-05-11 07:57:00,14.0
37,499,S36728358,yebsap,L1498729,42.4795201,-76.4551642,2017-05-11 06:57:00,1.0,2017-05-11 07:57:00,14.0
38,499,S36728358,tuftit,L1498729,42.4795201,-76.4551642,2017-05-11 06:57:00,1.0,2017-05-11 07:57:00,14.0
39,499,S36728358,cangoo,L1498729,42.4795201,-76.4551642,2017-05-11 06:57:00,1.0,2017-05-11 07:57:00,14.0
40,499,S36728358,norpar,L1498729,42.4795201,-76.4551642,2017-05-11 06:57:00,1.0,2017-05-11 07:57:00,14.0
41,499,S36728358,comgra,L1498729,42.4795201,-76.4551642,2017-05-11 06:57:00,1.0,2017-05-11 07:57:00,14.0
42,499,S36728358,scatan,L1498729,42.4795201,-76.4551642,2017-05-11 06:57:00,1.0,2017-05-11 07:57:00,14.0
43,499,S36728358,norwat,L1498729,42.4795201,-76.4551642,2017-05-11 06:57:00,1.0,2017-05-11 07:57:00,14.0
44,499,S36728358,btnwar,L1498729,42.4795201,-76.4551642,2017-05-11 06:57:00,1.0,2017-05-11 07:57:00,14.0
45,499,S36728358,grbher3,L1498729,42.4795201,-76.4551642,2017-05-11 06:57:00,1.0,2017-05-11 07:57:00,14.0
46,499,S36728358,norfli,L1498729,42.4795201,-76.4551642,2017-05-11 06:57:00,1.0,2017-05-11 07:57:00,14.0
47,500,S36729371,amerob,L1477502,42.4801543,-76.4473029,2017-05-11 08:56:00,0.233,2017-05-11 09:09:58.800000,19.0
48,500,S36729371,ovenbi1,L1477502,42.4801543,-76.4473029,2017-05-11 08:56:00,0.233,2017-05-11 09:09:58.800000,19.0
49,500,S36729371,amecro,L1477502,42.4801543,-76.4473029,2017-05-11 08:56:00,0.233,2017-05-11 09:09:58.800000,19.0
50,500,S36729371,grycat,L1477502,42.4801543,-76.4473029,2017-05-11 08:56:00,0.233,2017-05-11 09:09:58.800000,19.0
51,500,S36729371,comyel,L1477502,42.4801543,-76.4473029,2017-05-11 08:56:00,0.233,2017-05-11 09:09:58.800000,19.0
52,500,S36729371,sonspa,L1477502,42.4801543,-76.4473029,2017-05-11 08:56:00,0.233,2017-05-11 09:09:58.800000,19.0
53,500,S36729371,dowwoo,L1477502,42.4801543,-76.4473029,2017-05-11 08:56:00,0.233,2017-05-11 09:09:58.800000,19.0
54,500,S36729371,bkcchi,L1477502,42.4801543,-76.4473029,2017-05-11 08:56:00,0.233,2017-05-11 09:09:58.800000,19.0
55,500,S36729371,comgra,L1477502,42.4801543,-76.4473029,2017-05-11 08:56:00,0.233,2017-05-11 09:09:58.800000,19.0
56,500,S36729371,norcar,L1477502,42.4801543,-76.4473029,2017-05-11 08:56:00,0.233,2017-05-11 09:09:58.800000,19.0
57,500,S36729371,amegfi,L1477502,42.4801543,-76.4473029,2017-05-11 08:56:00,0.233,2017-05-11 09:09:58.800000,19.0
58,501,S36729616,amegfi,L1498735,42.4777154,-76.4481604,2017-05-11 09:06:00,0.267,2017-05-11 09:22:01.200000,25.0
59,501,S36729616,grcfly,L1498735,42.4777154,-76.4481604,2017-05-11 09:06:00,0.267,2017-05-11 09:22:01.200000,25.0
60,501,S36729616,ovenbi1,L1498735,42.4777154,-76.4481604,2017-05-11 09:06:00,0.267,2017-05-11 09:22:01.200000,25.0
61,501,S36729616,amecro,L1498735,42.4777154,-76.4481604,2017-05-11 09:06:00,0.267,2017-05-11 09:22:01.200000,25.0
62,501,S36729616,cangoo,L1498735,42.4777154,-76.4481604,2017-05-11 09:06:00,0.267,2017-05-11 09:22:01.200000,25.0
63,501,S36729616,comyel,L1498735,42.4777154,-76.4481604,2017-05-11 09:06:00,0.267,2017-05-11 09:22:01.200000,25.0
64,501,S36729616,norwat,L1498735,42.4777154,-76.4481604,2017-05-11 09:06:00,0.267,2017-05-11 09:22:01.200000,25.0
65,501,S36729616,turvul,L1498735,42.4777154,-76.4481604,2017-05-11 09:06:00,0.267,2017-05-11 09:22:01.200000,25.0
66,501,S36729616,rebwoo,L1498735,42.4777154,-76.4481604,2017-05-11 09:06:00,0.267,2017-05-11 09:22:01.200000,25.0
67,501,S36729616,norfli,L1498735,42.4777154,-76.4481604,2017-05-11 09:06:00,0.267,2017-05-11 09:22:01.200000,25.0
68,501,S36729616,blujay,L1498735,42.4777154,-76.4481604,2017-05-11 09:06:00,0.267,2017-05-11 09:22:01.200000,25.0
69,502,S36730334,amerob,L1498735,42.4777154,-76.4481604,2017-05-11 09:11:00,0.817,2017-05-11 10:00:01.200000,25.0
70,502,S36730334,ovenbi1,L1498735,42.4777154,-76.4481604,2017-05-11 09:11:00,0.817,2017-05-11 10:00:01.200000,25.0
71,502,S36730334,blujay,L1498735,42.4777154,-76.4481604,2017-05-11 09:11:00,0.817,2017-05-11 10:00:01.200000,25.0
72,502,S36730334,amecro,L1498735,42.4777154,-76.4481604,2017-05-11 09:11:00,0.817,2017-05-11 10:00:01.200000,25.0
73,502,S36730334,grycat,L1498735,42.4777154,-76.4481604,2017-05-11 09:11:00,0.817,2017-05-11 10:00:01.200000,25.0
74,502,S36730334,comyel,L1498735,42.4777154,-76.4481604,2017-05-11 09:11:00,0.817,2017-05-11 10:00:01.200000,25.0
75,502,S36730334,easpho,L1498735,42.4777154,-76.4481604,2017-05-11 09:11:00,0.817,2017-05-11 10:00:01.200000,25.0
76,502,S36730334,dowwoo,L1498735,42.4777154,-76.4481604,2017-05-11 09:11:00,0.817,2017-05-11 10:00:01.200000,25.0
77,502,S36730334,bkcchi,L1498735,42.4777154,-76.4481604,2017-05-11 09:11:00,0.817,2017-05-11 10:00:01.200000,25.0
78,502,S36730334,norwat,L1498735,42.4777154,-76.4481604,2017-05-11 09:11:00,0.817,2017-05-11 10:00:01.200000,25.0
79,502,S36730334,rebwoo,L1498735,42.4777154,-76.4481604,2017-05-11 09:11:00,0.817,2017-05-11 10:00:01.200000,25.0
80,502,S36730334,norfli,L1498735,42.4777154,-76.4481604,2017-05-11 09:11:00,0.817,2017-05-11 10:00:01.200000,25.0
81,502,S36730334,amegfi,L1498735,42.4777154,-76.4481604,2017-05-11 09:11:00,0.817,2017-05-11 10:00:01.200000,25.0
82,503,S36732494,chispa,L97555,42.4787599,-76.4529133,2017-05-11 07:32:00,2.083,2017-05-11 09:36:58.800000,18.0
83,503,S36732494,mallar3,L97555,42.4787599,-76.4529133,2017-05-11 07:32:00,2.083,2017-05-11 09:36:58.800000,18.0
84,503,S36732494,comyel,L97555,42.4787599,-76.4529133,2017-05-11 07:32:00,2.083,2017-05-11 09:36:58.800000,18.0
85,503,S36732494,treswa,L97555,42.4787599,-76.4529133,2017-05-11 07:32:00,2.083,2017-05-11 09:36:58.800000,18.0
86,503,S36732494,moudov,L97555,42.4787599,-76.4529133,2017-05-11 07:32:00,2.083,2017-05-11 09:36:58.800000,18.0
87,503,S36732494,rewbla,L97555,42.4787599,-76.4529133,2017-05-11 07:32:00,2.083,2017-05-11 09:36:58.800000,18.0
88,503,S36732494,rebwoo,L97555,42.4787599,-76.4529133,2017-05-11 07:32:00,2.083,2017-05-11 09:36:58.800000,18.0
89,503,S36732494,warvir,L97555,42.4787599,-76.4529133,2017-05-11 07:32:00,2.083,2017-05-11 09:36:58.800000,18.0
90,503,S36732494,eursta,L97555,42.4787599,-76.4529133,2017-05-11 07:32:00,2.083,2017-05-11 09:36:58.800000,18.0
91,503,S36732494,amerob,L97555,42.4787599,-76.4529133,2017-05-11 07:32:00,2.083,2017-05-11 09:36:58.800000,18.0
92,503,S36732494,reevir1,L97555,42.4787599,-76.4529133,2017-05-11 07:32:00,2.083,2017-05-11 09:36:58.800000,18.0
93,503,S36732494,btbwar,L97555,42.4787599,-76.4529133,2017-05-11 07:32:00,2.083,2017-05-11 09:36:58.800000,18.0
94,503,S36732494,amegfi,L97555,42.4787599,-76.4529133,2017-05-11 07:32:00,2.083,2017-05-11 09:36:58.800000,18.0
95,503,S36732494,grycat,L97555,42.4787599,-76.4529133,2017-05-11 07:32:00,2.083,2017-05-11 09:36:58.800000,18.0
96,503,S36732494,sonspa,L97555,42.4787599,-76.4529133,2017-05-11 07:32:00,2.083,2017-05-11 09:36:58.800000,18.0
97,503,S36732494,norcar,L97555,42.4787599,-76.4529133,2017-05-11 07:32:00,2.083,2017-05-11 09:36:58.800000,18.0
98,503,S36732494,blujay,L97555,42.4787599,-76.4529133,2017-05-11 07:32:00,2.083,2017-05-11 09:36:58.800000,18.0
99,503,S36732494,ruckin,L97555,42.4787599,-76.4529133,2017-05-11 07:32:00,2.083,2017-05-11 09:36:58.800000,18.0
100,503,S36732494,whtspa,L97555,42.4787599,-76.4529133,2017-05-11 07:32:00,2.083,2017-05-11 09:36:58.800000,18.0
101,503,S36732494,ovenbi1,L97555,42.4787599,-76.4529133,2017-05-11 07:32:00,2.083,2017-05-11 09:36:58.800000,18.0
102,503,S36732494,amecro,L97555,42.4787599,-76.4529133,2017-05-11 07:32:00,2.083,2017-05-11 09:36:58.800000,18.0
103,503,S36732494,bnhcow,L97555,42.4787599,-76.4529133,2017-05-11 07:32:00,2.083,2017-05-11 09:36:58.800000,18.0
104,503,S36732494,yerwar,L97555,42.4787599,-76.4529133,2017-05-11 07:32:00,2.083,2017-05-11 09:36:58.800000,18.0
105,503,S36732494,easpho,L97555,42.4787599,-76.4529133,2017-05-11 07:32:00,2.083,2017-05-11 09:36:58.800000,18.0
106,503,S36732494,dowwoo,L97555,42.4787599,-76.4529133,2017-05-11 07:32:00,2.083,2017-05-11 09:36:58.800000,18.0
107,503,S36732494,bkcchi,L97555,42.4787599,-76.4529133,2017-05-11 07:32:00,2.083,2017-05-11 09:36:58.800000,18.0
108,503,S36732494,killde,L97555,42.4787599,-76.4529133,2017-05-11 07:32:00,2.083,2017-05-11 09:36:58.800000,18.0
109,503,S36732494,woothr,L97555,42.4787599,-76.4529133,2017-05-11 07:32:00,2.083,2017-05-11 09:36:58.800000,18.0
110,503,S36732494,tuftit,L97555,42.4787599,-76.4529133,2017-05-11 07:32:00,2.083,2017-05-11 09:36:58.800000,18.0
111,503,S36732494,cangoo,L97555,42.4787599,-76.4529133,2017-05-11 07:32:00,2.083,2017-05-11 09:36:58.800000,18.0
112,503,S36732494,comgra,L97555,42.4787599,-76.4529133,2017-05-11 07:32:00,2.083,2017-05-11 09:36:58.800000,18.0
113,503,S36732494,btnwar,L97555,42.4787599,-76.4529133,2017-05-11 07:32:00,2.083,2017-05-11 09:36:58.800000,18.0
114,503,S36732494,grbher3,L97555,42.4787599,-76.4529133,2017-05-11 07:32:00,2.083,2017-05-11 09:36:58.800000,18.0
115,503,S36732494,norfli,L97555,42.4787599,-76.4529133,2017-05-11 07:32:00,2.083,2017-05-11 09:36:58.800000,18.0
116,504,S36733969,comyel,L97555,42.4787599,-76.4529133,2017-05-11 11:28:00,1.133,2017-05-11 12:35:58.800000,18.0
117,504,S36733969,treswa,L97555,42.4787599,-76.4529133,2017-05-11 11:28:00,1.133,2017-05-11 12:35:58.800000,18.0
118,504,S36733969,moudov,L97555,42.4787599,-76.4529133,2017-05-11 11:28:00,1.133,2017-05-11 12:35:58.800000,18.0
119,504,S36733969,yelwar,L97555,42.4787599,-76.4529133,2017-05-11 11:28:00,1.133,2017-05-11 12:35:58.800000,18.0
120,504,S36733969,rewbla,L97555,42.4787599,-76.4529133,2017-05-11 11:28:00,1.133,2017-05-11 12:35:58.800000,18.0
121,504,S36733969,rebwoo,L97555,42.4787599,-76.4529133,2017-05-11 11:28:00,1.133,2017-05-11 12:35:58.800000,18.0
122,504,S36733969,amegfi,L97555,42.4787599,-76.4529133,2017-05-11 11:28:00,1.133,2017-05-11 12:35:58.800000,18.0
123,504,S36733969,amerob,L97555,42.4787599,-76.4529133,2017-05-11 11:28:00,1.133,2017-05-11 12:35:58.800000,18.0
124,504,S36733969,grycat,L97555,42.4787599,-76.4529133,2017-05-11 11:28:00,1.133,2017-05-11 12:35:58.800000,18.0
125,504,S36733969,grnher,L97555,42.4787599,-76.4529133,2017-05-11 11:28:00,1.133,2017-05-11 12:35:58.800000,18.0
126,504,S36733969,norcar,L97555,42.4787599,-76.4529133,2017-05-11 11:28:00,1.133,2017-05-11 12:35:58.800000,18.0
127,504,S36733969,balori,L97555,42.4787599,-76.4529133,2017-05-11 11:28:00,1.133,2017-05-11 12:35:58.800000,18.0
128,504,S36733969,belkin1,L97555,42.4787599,-76.4529133,2017-05-11 11:28:00,1.133,2017-05-11 12:35:58.800000,18.0
129,504,S36733969,blujay,L97555,42.4787599,-76.4529133,2017-05-11 11:28:00,1.133,2017-05-11 12:35:58.800000,18.0
130,504,S36733969,ovenbi1,L97555,42.4787599,-76.4529133,2017-05-11 11:28:00,1.133,2017-05-11 12:35:58.800000,18.0
131,504,S36733969,houfin,L97555,42.4787599,-76.4529133,2017-05-11 11:28:00,1.133,2017-05-11 12:35:58.800000,18.0
132,504,S36733969,easpho,L97555,42.4787599,-76.4529133,2017-05-11 11:28:00,1.133,2017-05-11 12:35:58.800000,18.0
133,504,S36733969,dowwoo,L97555,42.4787599,-76.4529133,2017-05-11 11:28:00,1.133,2017-05-11 12:35:58.800000,18.0
134,504,S36733969,bkcchi,L97555,42.4787599,-76.4529133,2017-05-11 11:28:00,1.133,2017-05-11 12:35:58.800000,18.0
135,504,S36733969,pilwoo,L97555,42.4787599,-76.4529133,2017-05-11 11:28:00,1.133,2017-05-11 12:35:58.800000,18.0
136,504,S36733969,grcfly,L97555,42.4787599,-76.4529133,2017-05-11 11:28:00,1.133,2017-05-11 12:35:58.800000,18.0
137,504,S36733969,tuftit,L97555,42.4787599,-76.4529133,2017-05-11 11:28:00,1.133,2017-05-11 12:35:58.800000,18.0
138,504,S36733969,cangoo,L97555,42.4787599,-76.4529133,2017-05-11 11:28:00,1.133,2017-05-11 12:35:58.800000,18.0
139,504,S36733969,comgra,L97555,42.4787599,-76.4529133,2017-05-11 11:28:00,1.133,2017-05-11 12:35:58.800000,18.0
140,504,S36733969,btnwar,L97555,42.4787599,-76.4529133,2017-05-11 11:28:00,1.133,2017-05-11 12:35:58.800000,18.0
141,505,S36734347,hoomer,L1246441,42.4804057,-76.4532351,2017-05-11 12:18:00,0.55,2017-05-11 12:51:00,15.0
142,505,S36734347,comyel,L1246441,42.4804057,-76.4532351,2017-05-11 12:18:00,0.55,2017-05-11 12:51:00,15.0
143,505,S36734347,treswa,L1246441,42.4804057,-76.4532351,2017-05-11 12:18:00,0.55,2017-05-11 12:51:00,15.0
144,505,S36734347,moudov,L1246441,42.4804057,-76.4532351,2017-05-11 12:18:00,0.55,2017-05-11 12:51:00,15.0
145,505,S36734347,yelwar,L1246441,42.4804057,-76.4532351,2017-05-11 12:18:00,0.55,2017-05-11 12:51:00,15.0
146,505,S36734347,rewbla,L1246441,42.4804057,-76.4532351,2017-05-11 12:18:00,0.55,2017-05-11 12:51:00,15.0
147,505,S36734347,amegfi,L1246441,42.4804057,-76.4532351,2017-05-11 12:18:00,0.55,2017-05-11 12:51:00,15.0
148,505,S36734347,amerob,L1246441,42.4804057,-76.4532351,2017-05-11 12:18:00,0.55,2017-05-11 12:51:00,15.0
149,505,S36734347,grycat,L1246441,42.4804057,-76.4532351,2017-05-11 12:18:00,0.55,2017-05-11 12:51:00,15.0
150,505,S36734347,sonspa,L1246441,42.4804057,-76.4532351,2017-05-11 12:18:00,0.55,2017-05-11 12:51:00,15.0
151,505,S36734347,norcar,L1246441,42.4804057,-76.4532351,2017-05-11 12:18:00,0.55,2017-05-11 12:51:00,15.0
152,505,S36734347,balori,L1246441,42.4804057,-76.4532351,2017-05-11 12:18:00,0.55,2017-05-11 12:51:00,15.0
153,505,S36734347,blujay,L1246441,42.4804057,-76.4532351,2017-05-11 12:18:00,0.55,2017-05-11 12:51:00,15.0
154,505,S36734347,swaspa,L1246441,42.4804057,-76.4532351,2017-05-11 12:18:00,0.55,2017-05-11 12:51:00,15.0
155,505,S36734347,ruckin,L1246441,42.4804057,-76.4532351,2017-05-11 12:18:00,0.55,2017-05-11 12:51:00,15.0
156,505,S36734347,amecro,L1246441,42.4804057,-76.4532351,2017-05-11 12:18:00,0.55,2017-05-11 12:51:00,15.0
157,505,S36734347,bnhcow,L1246441,42.4804057,-76.4532351,2017-05-11 12:18:00,0.55,2017-05-11 12:51:00,15.0
158,505,S36734347,houfin,L1246441,42.4804057,-76.4532351,2017-05-11 12:18:00,0.55,2017-05-11 12:51:00,15.0
159,505,S36734347,dowwoo,L1246441,42.4804057,-76.4532351,2017-05-11 12:18:00,0.55,2017-05-11 12:51:00,15.0
160,505,S36734347,bkcchi,L1246441,42.4804057,-76.4532351,2017-05-11 12:18:00,0.55,2017-05-11 12:51:00,15.0
161,505,S36734347,robgro,L1246441,42.4804057,-76.4532351,2017-05-11 12:18:00,0.55,2017-05-11 12:51:00,15.0
162,505,S36734347,yebsap,L1246441,42.4804057,-76.4532351,2017-05-11 12:18:00,0.55,2017-05-11 12:51:00,15.0
163,505,S36734347,tuftit,L1246441,42.4804057,-76.4532351,2017-05-11 12:18:00,0.55,2017-05-11 12:51:00,15.0
164,505,S36734347,cangoo,L1246441,42.4804057,-76.4532351,2017-05-11 12:18:00,0.55,2017-05-11 12:51:00,15.0
165,505,S36734347,comgra,L1246441,42.4804057,-76.4532351,2017-05-11 12:18:00,0.55,2017-05-11 12:51:00,15.0
166,505,S36734347,norfli,L1246441,42.4804057,-76.4532351,2017-05-11 12:18:00,0.55,2017-05-11 12:51:00,15.0
167,506,S36734372,rebnut,L1498735,42.4777154,-76.4481604,2017-05-11 07:02:00,0.567,2017-05-11 07:36:01.200000,25.0
168,506,S36734372,comyel,L1498735,42.4777154,-76.4481604,2017-05-11 07:02:00,0.567,2017-05-11 07:36:01.200000,25.0
169,506,S36734372,rewbla,L1498735,42.4777154,-76.4481604,2017-05-11 07:02:00,0.567,2017-05-11 07:36:01.200000,25.0
170,506,S36734372,rebwoo,L1498735,42.4777154,-76.4481604,2017-05-11 07:02:00,0.567,2017-05-11 07:36:01.200000,25.0
171,506,S36734372,naswar,L1498735,42.4777154,-76.4481604,2017-05-11 07:02:00,0.567,2017-05-11 07:36:01.200000,25.0
172,506,S36734372,amegfi,L1498735,42.4777154,-76.4481604,2017-05-11 07:02:00,0.567,2017-05-11 07:36:01.200000,25.0
173,506,S36734372,amerob,L1498735,42.4777154,-76.4481604,2017-05-11 07:02:00,0.567,2017-05-11 07:36:01.200000,25.0
174,506,S36734372,btbwar,L1498735,42.4777154,-76.4481604,2017-05-11 07:02:00,0.567,2017-05-11 07:36:01.200000,25.0
175,506,S36734372,grycat,L1498735,42.4777154,-76.4481604,2017-05-11 07:02:00,0.567,2017-05-11 07:36:01.200000,25.0
176,506,S36734372,sonspa,L1498735,42.4777154,-76.4481604,2017-05-11 07:02:00,0.567,2017-05-11 07:36:01.200000,25.0
177,506,S36734372,barswa,L1498735,42.4777154,-76.4481604,2017-05-11 07:02:00,0.567,2017-05-11 07:36:01.200000,25.0
178,506,S36734372,veery,L1498735,42.4777154,-76.4481604,2017-05-11 07:02:00,0.567,2017-05-11 07:36:01.200000,25.0
179,506,S36734372,norcar,L1498735,42.4777154,-76.4481604,2017-05-11 07:02:00,0.567,2017-05-11 07:36:01.200000,25.0
180,506,S36734372,blujay,L1498735,42.4777154,-76.4481604,2017-05-11 07:02:00,0.567,2017-05-11 07:36:01.200000,25.0
181,506,S36734372,balori,L1498735,42.4777154,-76.4481604,2017-05-11 07:02:00,0.567,2017-05-11 07:36:01.200000,25.0
182,506,S36734372,ruckin,L1498735,42.4777154,-76.4481604,2017-05-11 07:02:00,0.567,2017-05-11 07:36:01.200000,25.0
183,506,S36734372,ovenbi1,L1498735,42.4777154,-76.4481604,2017-05-11 07:02:00,0.567,2017-05-11 07:36:01.200000,25.0
184,506,S36734372,amecro,L1498735,42.4777154,-76.4481604,2017-05-11 07:02:00,0.567,2017-05-11 07:36:01.200000,25.0
185,506,S36734372,bnhcow,L1498735,42.4777154,-76.4481604,2017-05-11 07:02:00,0.567,2017-05-11 07:36:01.200000,25.0
186,506,S36734372,houfin,L1498735,42.4777154,-76.4481604,2017-05-11 07:02:00,0.567,2017-05-11 07:36:01.200000,25.0
187,506,S36734372,yerwar,L1498735,42.4777154,-76.4481604,2017-05-11 07:02:00,0.567,2017-05-11 07:36:01.200000,25.0
188,506,S36734372,dowwoo,L1498735,42.4777154,-76.4481604,2017-05-11 07:02:00,0.567,2017-05-11 07:36:01.200000,25.0
189,506,S36734372,bkcchi,L1498735,42.4777154,-76.4481604,2017-05-11 07:02:00,0.567,2017-05-11 07:36:01.200000,25.0
190,506,S36734372,brncre,L1498735,42.4777154,-76.4481604,2017-05-11 07:02:00,0.567,2017-05-11 07:36:01.200000,25.0
191,506,S36734372,leafly,L1498735,42.4777154,-76.4481604,2017-05-11 07:02:00,0.567,2017-05-11 07:36:01.200000,25.0
192,506,S36734372,grcfly,L1498735,42.4777154,-76.4481604,2017-05-11 07:02:00,0.567,2017-05-11 07:36:01.200000,25.0
193,506,S36734372,woothr,L1498735,42.4777154,-76.4481604,2017-05-11 07:02:00,0.567,2017-05-11 07:36:01.200000,25.0
194,506,S36734372,yebsap,L1498735,42.4777154,-76.4481604,2017-05-11 07:02:00,0.567,2017-05-11 07:36:01.200000,25.0
195,506,S36734372,tuftit,L1498735,42.4777154,-76.4481604,2017-05-11 07:02:00,0.567,2017-05-11 07:36:01.200000,25.0
196,506,S36734372,comgra,L1498735,42.4777154,-76.4481604,2017-05-11 07:02:00,0.567,2017-05-11 07:36:01.200000,25.0
197,506,S36734372,norwat,L1498735,42.4777154,-76.4481604,2017-05-11 07:02:00,0.567,2017-05-11 07:36:01.200000,25.0
198,506,S36734372,norfli,L1498735,42.4777154,-76.4481604,2017-05-11 07:02:00,0.567,2017-05-11 07:36:01.200000,25.0
199,507,S36734577,chispa,L1498729,42.4795201,-76.4551642,2017-05-11 09:00:00,0.417,2017-05-11 09:25:01.200000,14.0
200,507,S36734577,buhvir,L1498729,42.4795201,-76.4551642,2017-05-11 09:00:00,0.417,2017-05-11 09:25:01.200000,14.0
201,507,S36734577,comyel,L1498729,42.4795201,-76.4551642,2017-05-11 09:00:00,0.417,2017-05-11 09:25:01.200000,14.0
202,507,S36734577,treswa,L1498729,42.4795201,-76.4551642,2017-05-11 09:00:00,0.417,2017-05-11 09:25:01.200000,14.0
203,507,S36734577,moudov,L1498729,42.4795201,-76.4551642,2017-05-11 09:00:00,0.417,2017-05-11 09:25:01.200000,14.0
204,507,S36734577,yelwar,L1498729,42.4795201,-76.4551642,2017-05-11 09:00:00,0.417,2017-05-11 09:25:01.200000,14.0
205,507,S36734577,rewbla,L1498729,42.4795201,-76.4551642,2017-05-11 09:00:00,0.417,2017-05-11 09:25:01.200000,14.0
206,507,S36734577,rebwoo,L1498729,42.4795201,-76.4551642,2017-05-11 09:00:00,0.417,2017-05-11 09:25:01.200000,14.0
207,507,S36734577,whbnut,L1498729,42.4795201,-76.4551642,2017-05-11 09:00:00,0.417,2017-05-11 09:25:01.200000,14.0
208,507,S36734577,warvir,L1498729,42.4795201,-76.4551642,2017-05-11 09:00:00,0.417,2017-05-11 09:25:01.200000,14.0
209,507,S36734577,amerob,L1498729,42.4795201,-76.4551642,2017-05-11 09:00:00,0.417,2017-05-11 09:25:01.200000,14.0
210,507,S36734577,eursta,L1498729,42.4795201,-76.4551642,2017-05-11 09:00:00,0.417,2017-05-11 09:25:01.200000,14.0
211,507,S36734577,amegfi,L1498729,42.4795201,-76.4551642,2017-05-11 09:00:00,0.417,2017-05-11 09:25:01.200000,14.0
212,507,S36734577,grycat,L1498729,42.4795201,-76.4551642,2017-05-11 09:00:00,0.417,2017-05-11 09:25:01.200000,14.0
213,507,S36734577,sonspa,L1498729,42.4795201,-76.4551642,2017-05-11 09:00:00,0.417,2017-05-11 09:25:01.200000,14.0
214,507,S36734577,barswa,L1498729,42.4795201,-76.4551642,2017-05-11 09:00:00,0.417,2017-05-11 09:25:01.200000,14.0
215,507,S36734577,norcar,L1498729,42.4795201,-76.4551642,2017-05-11 09:00:00,0.417,2017-05-11 09:25:01.200000,14.0
216,507,S36734577,balori,L1498729,42.4795201,-76.4551642,2017-05-11 09:00:00,0.417,2017-05-11 09:25:01.200000,14.0
217,507,S36734577,blujay,L1498729,42.4795201,-76.4551642,2017-05-11 09:00:00,0.417,2017-05-11 09:25:01.200000,14.0
218,507,S36734577,ovenbi1,L1498729,42.4795201,-76.4551642,2017-05-11 09:00:00,0.417,2017-05-11 09:25:01.200000,14.0
219,507,S36734577,amecro,L1498729,42.4795201,-76.4551642,2017-05-11 09:00:00,0.417,2017-05-11 09:25:01.200000,14.0
220,507,S36734577,bnhcow,L1498729,42.4795201,-76.4551642,2017-05-11 09:00:00,0.417,2017-05-11 09:25:01.200000,14.0
221,507,S36734577,easpho,L1498729,42.4795201,-76.4551642,2017-05-11 09:00:00,0.417,2017-05-11 09:25:01.200000,14.0
222,507,S36734577,dowwoo,L1498729,42.4795201,-76.4551642,2017-05-11 09:00:00,0.417,2017-05-11 09:25:01.200000,14.0
223,507,S36734577,bkcchi,L1498729,42.4795201,-76.4551642,2017-05-11 09:00:00,0.417,2017-05-11 09:25:01.200000,14.0
224,507,S36734577,killde,L1498729,42.4795201,-76.4551642,2017-05-11 09:00:00,0.417,2017-05-11 09:25:01.200000,14.0
225,507,S36734577,turvul,L1498729,42.4795201,-76.4551642,2017-05-11 09:00:00,0.417,2017-05-11 09:25:01.200000,14.0
226,507,S36734577,woothr,L1498729,42.4795201,-76.4551642,2017-05-11 09:00:00,0.417,2017-05-11 09:25:01.200000,14.0
227,507,S36734577,haiwoo,L1498729,42.4795201,-76.4551642,2017-05-11 09:00:00,0.417,2017-05-11 09:25:01.200000,14.0
228,507,S36734577,tuftit,L1498729,42.4795201,-76.4551642,2017-05-11 09:00:00,0.417,2017-05-11 09:25:01.200000,14.0
229,507,S36734577,solsan,L1498729,42.4795201,-76.4551642,2017-05-11 09:00:00,0.417,2017-05-11 09:25:01.200000,14.0
230,507,S36734577,cangoo,L1498729,42.4795201,-76.4551642,2017-05-11 09:00:00,0.417,2017-05-11 09:25:01.200000,14.0
231,507,S36734577,comgra,L1498729,42.4795201,-76.4551642,2017-05-11 09:00:00,0.417,2017-05-11 09:25:01.200000,14.0
232,507,S36734577,norwat,L1498729,42.4795201,-76.4551642,2017-05-11 09:00:00,0.417,2017-05-11 09:25:01.200000,14.0
233,507,S36734577,grbher3,L1498729,42.4795201,-76.4551642,2017-05-11 09:00:00,0.417,2017-05-11 09:25:01.200000,14.0
234,507,S36734577,norfli,L1498729,42.4795201,-76.4551642,2017-05-11 09:00:00,0.417,2017-05-11 09:25:01.200000,14.0
235,508,S36748240,rethaw,L97555,42.4787599,-76.4529133,2017-05-11 16:35:00,1.833,2017-05-11 18:24:58.800000,18.0
236,508,S36748240,mallar3,L97555,42.4787599,-76.4529133,2017-05-11 16:35:00,1.833,2017-05-11 18:24:58.800000,18.0
237,508,S36748240,comyel,L97555,42.4787599,-76.4529133,2017-05-11 16:35:00,1.833,2017-05-11 18:24:58.800000,18.0
238,508,S36748240,moudov,L97555,42.4787599,-76.4529133,2017-05-11 16:35:00,1.833,2017-05-11 18:24:58.800000,18.0
239,508,S36748240,yelwar,L97555,42.4787599,-76.4529133,2017-05-11 16:35:00,1.833,2017-05-11 18:24:58.800000,18.0
240,508,S36748240,rewbla,L97555,42.4787599,-76.4529133,2017-05-11 16:35:00,1.833,2017-05-11 18:24:58.800000,18.0
241,508,S36748240,rebwoo,L97555,42.4787599,-76.4529133,2017-05-11 16:35:00,1.833,2017-05-11 18:24:58.800000,18.0
242,508,S36748240,amegfi,L97555,42.4787599,-76.4529133,2017-05-11 16:35:00,1.833,2017-05-11 18:24:58.800000,18.0
243,508,S36748240,warvir,L97555,42.4787599,-76.4529133,2017-05-11 16:35:00,1.833,2017-05-11 18:24:58.800000,18.0
244,508,S36748240,eursta,L97555,42.4787599,-76.4529133,2017-05-11 16:35:00,1.833,2017-05-11 18:24:58.800000,18.0
245,508,S36748240,amerob,L97555,42.4787599,-76.4529133,2017-05-11 16:35:00,1.833,2017-05-11 18:24:58.800000,18.0
246,508,S36748240,grycat,L97555,42.4787599,-76.4529133,2017-05-11 16:35:00,1.833,2017-05-11 18:24:58.800000,18.0
247,508,S36748240,sonspa,L97555,42.4787599,-76.4529133,2017-05-11 16:35:00,1.833,2017-05-11 18:24:58.800000,18.0
248,508,S36748240,grnher,L97555,42.4787599,-76.4529133,2017-05-11 16:35:00,1.833,2017-05-11 18:24:58.800000,18.0
249,508,S36748240,norcar,L97555,42.4787599,-76.4529133,2017-05-11 16:35:00,1.833,2017-05-11 18:24:58.800000,18.0
250,508,S36748240,balori,L97555,42.4787599,-76.4529133,2017-05-11 16:35:00,1.833,2017-05-11 18:24:58.800000,18.0
251,508,S36748240,belkin1,L97555,42.4787599,-76.4529133,2017-05-11 16:35:00,1.833,2017-05-11 18:24:58.800000,18.0
252,508,S36748240,blujay,L97555,42.4787599,-76.4529133,2017-05-11 16:35:00,1.833,2017-05-11 18:24:58.800000,18.0
253,508,S36748240,swaspa,L97555,42.4787599,-76.4529133,2017-05-11 16:35:00,1.833,2017-05-11 18:24:58.800000,18.0
254,508,S36748240,ribgul,L97555,42.4787599,-76.4529133,2017-05-11 16:35:00,1.833,2017-05-11 18:24:58.800000,18.0
255,508,S36748240,ruckin,L97555,42.4787599,-76.4529133,2017-05-11 16:35:00,1.833,2017-05-11 18:24:58.800000,18.0
256,508,S36748240,amecro,L97555,42.4787599,-76.4529133,2017-05-11 16:35:00,1.833,2017-05-11 18:24:58.800000,18.0
257,508,S36748240,yerwar,L97555,42.4787599,-76.4529133,2017-05-11 16:35:00,1.833,2017-05-11 18:24:58.800000,18.0
258,508,S36748240,easpho,L97555,42.4787599,-76.4529133,2017-05-11 16:35:00,1.833,2017-05-11 18:24:58.800000,18.0
259,508,S36748240,dowwoo,L97555,42.4787599,-76.4529133,2017-05-11 16:35:00,1.833,2017-05-11 18:24:58.800000,18.0
260,508,S36748240,bkcchi,L97555,42.4787599,-76.4529133,2017-05-11 16:35:00,1.833,2017-05-11 18:24:58.800000,18.0
261,508,S36748240,pilwoo,L97555,42.4787599,-76.4529133,2017-05-11 16:35:00,1.833,2017-05-11 18:24:58.800000,18.0
262,508,S36748240,turvul,L97555,42.4787599,-76.4529133,2017-05-11 16:35:00,1.833,2017-05-11 18:24:58.800000,18.0
263,508,S36748240,grcfly,L97555,42.4787599,-76.4529133,2017-05-11 16:35:00,1.833,2017-05-11 18:24:58.800000,18.0
264,508,S36748240,woothr,L97555,42.4787599,-76.4529133,2017-05-11 16:35:00,1.833,2017-05-11 18:24:58.800000,18.0
265,508,S36748240,yebsap,L97555,42.4787599,-76.4529133,2017-05-11 16:35:00,1.833,2017-05-11 18:24:58.800000,18.0
266,508,S36748240,tuftit,L97555,42.4787599,-76.4529133,2017-05-11 16:35:00,1.833,2017-05-11 18:24:58.800000,18.0
267,508,S36748240,solsan,L97555,42.4787599,-76.4529133,2017-05-11 16:35:00,1.833,2017-05-11 18:24:58.800000,18.0
268,508,S36748240,cangoo,L97555,42.4787599,-76.4529133,2017-05-11 16:35:00,1.833,2017-05-11 18:24:58.800000,18.0
269,508,S36748240,comgra,L97555,42.4787599,-76.4529133,2017-05-11 16:35:00,1.833,2017-05-11 18:24:58.800000,18.0
270,508,S36748240,btnwar,L97555,42.4787599,-76.4529133,2017-05-11 16:35:00,1.833,2017-05-11 18:24:58.800000,18.0
271,508,S36748240,norfli,L97555,42.4787599,-76.4529133,2017-05-11 16:35:00,1.833,2017-05-11 18:24:58.800000,18.0
272,509,S36749242,mouwar,L1379126,42.4796874,-76.4509829,2017-05-11 18:56:00,0.417,2017-05-11 19:21:01.200000,10.0
273,509,S36749242,moudov,L1379126,42.4796874,-76.4509829,2017-05-11 18:56:00,0.417,2017-05-11 19:21:01.200000,10.0
274,509,S36749242,rewbla,L1379126,42.4796874,-76.4509829,2017-05-11 18:56:00,0.417,2017-05-11 19:21:01.200000,10.0
275,509,S36749242,rebwoo,L1379126,42.4796874,-76.4509829,2017-05-11 18:56:00,0.417,2017-05-11 19:21:01.200000,10.0
276,509,S36749242,amegfi,L1379126,42.4796874,-76.4509829,2017-05-11 18:56:00,0.417,2017-05-11 19:21:01.200000,10.0
277,509,S36749242,amerob,L1379126,42.4796874,-76.4509829,2017-05-11 18:56:00,0.417,2017-05-11 19:21:01.200000,10.0
278,509,S36749242,grycat,L1379126,42.4796874,-76.4509829,2017-05-11 18:56:00,0.417,2017-05-11 19:21:01.200000,10.0
279,509,S36749242,sonspa,L1379126,42.4796874,-76.4509829,2017-05-11 18:56:00,0.417,2017-05-11 19:21:01.200000,10.0
280,509,S36749242,norcar,L1379126,42.4796874,-76.4509829,2017-05-11 18:56:00,0.417,2017-05-11 19:21:01.200000,10.0
281,509,S36749242,blujay,L1379126,42.4796874,-76.4509829,2017-05-11 18:56:00,0.417,2017-05-11 19:21:01.200000,10.0
282,509,S36749242,balori,L1379126,42.4796874,-76.4509829,2017-05-11 18:56:00,0.417,2017-05-11 19:21:01.200000,10.0
283,509,S36749242,ruckin,L1379126,42.4796874,-76.4509829,2017-05-11 18:56:00,0.417,2017-05-11 19:21:01.200000,10.0
284,509,S36749242,whtspa,L1379126,42.4796874,-76.4509829,2017-05-11 18:56:00,0.417,2017-05-11 19:21:01.200000,10.0
285,509,S36749242,amecro,L1379126,42.4796874,-76.4509829,2017-05-11 18:56:00,0.417,2017-05-11 19:21:01.200000,10.0
286,509,S36749242,bnhcow,L1379126,42.4796874,-76.4509829,2017-05-11 18:56:00,0.417,2017-05-11 19:21:01.200000,10.0
287,509,S36749242,houfin,L1379126,42.4796874,-76.4509829,2017-05-11 18:56:00,0.417,2017-05-11 19:21:01.200000,10.0
288,509,S36749242,dowwoo,L1379126,42.4796874,-76.4509829,2017-05-11 18:56:00,0.417,2017-05-11 19:21:01.200000,10.0
289,509,S36749242,bkcchi,L1379126,42.4796874,-76.4509829,2017-05-11 18:56:00,0.417,2017-05-11 19:21:01.200000,10.0
290,509,S36749242,pilwoo,L1379126,42.4796874,-76.4509829,2017-05-11 18:56:00,0.417,2017-05-11 19:21:01.200000,10.0
291,509,S36749242,yebsap,L1379126,42.4796874,-76.4509829,2017-05-11 18:56:00,0.417,2017-05-11 19:21:01.200000,10.0
292,509,S36749242,tuftit,L1379126,42.4796874,-76.4509829,2017-05-11 18:56:00,0.417,2017-05-11 19:21:01.200000,10.0
293,509,S36749242,cangoo,L1379126,42.4796874,-76.4509829,2017-05-11 18:56:00,0.417,2017-05-11 19:21:01.200000,10.0
294,509,S36749242,comgra,L1379126,42.4796874,-76.4509829,2017-05-11 18:56:00,0.417,2017-05-11 19:21:01.200000,10.0
295,509,S36749242,grbher3,L1379126,42.4796874,-76.4509829,2017-05-11 18:56:00,0.417,2017-05-11 19:21:01.200000,10.0
296,509,S36749242,norfli,L1379126,42.4796874,-76.4509829,2017-05-11 18:56:00,0.417,2017-05-11 19:21:01.200000,10.0
297,510,S36754573,easblu,L97555,42.4787599,-76.4529133,2017-05-11 10:00:00,5.0,2017-05-11 15:00:00,18.0
298,510,S36754573,chispa,L97555,42.4787599,-76.4529133,2017-05-11 10:00:00,5.0,2017-05-11 15:00:00,18.0
299,510,S36754573,mallar3,L97555,42.4787599,-76.4529133,2017-05-11 10:00:00,5.0,2017-05-11 15:00:00,18.0
300,510,S36754573,comyel,L97555,42.4787599,-76.4529133,2017-05-11 10:00:00,5.0,2017-05-11 15:00:00,18.0
301,510,S36754573,treswa,L97555,42.4787599,-76.4529133,2017-05-11 10:00:00,5.0,2017-05-11 15:00:00,18.0
302,510,S36754573,moudov,L97555,42.4787599,-76.4529133,2017-05-11 10:00:00,5.0,2017-05-11 15:00:00,18.0
303,510,S36754573,yelwar,L97555,42.4787599,-76.4529133,2017-05-11 10:00:00,5.0,2017-05-11 15:00:00,18.0
304,510,S36754573,rewbla,L97555,42.4787599,-76.4529133,2017-05-11 10:00:00,5.0,2017-05-11 15:00:00,18.0
305,510,S36754573,whbnut,L97555,42.4787599,-76.4529133,2017-05-11 10:00:00,5.0,2017-05-11 15:00:00,18.0
306,510,S36754573,warvir,L97555,42.4787599,-76.4529133,2017-05-11 10:00:00,5.0,2017-05-11 15:00:00,18.0
307,510,S36754573,amerob,L97555,42.4787599,-76.4529133,2017-05-11 10:00:00,5.0,2017-05-11 15:00:00,18.0
308,510,S36754573,amegfi,L97555,42.4787599,-76.4529133,2017-05-11 10:00:00,5.0,2017-05-11 15:00:00,18.0
309,510,S36754573,grycat,L97555,42.4787599,-76.4529133,2017-05-11 10:00:00,5.0,2017-05-11 15:00:00,18.0
310,510,S36754573,norcar,L97555,42.4787599,-76.4529133,2017-05-11 10:00:00,5.0,2017-05-11 15:00:00,18.0
311,510,S36754573,belkin1,L97555,42.4787599,-76.4529133,2017-05-11 10:00:00,5.0,2017-05-11 15:00:00,18.0
312,510,S36754573,blujay,L97555,42.4787599,-76.4529133,2017-05-11 10:00:00,5.0,2017-05-11 15:00:00,18.0
313,510,S36754573,balori,L97555,42.4787599,-76.4529133,2017-05-11 10:00:00,5.0,2017-05-11 15:00:00,18.0
314,510,S36754573,houfin,L97555,42.4787599,-76.4529133,2017-05-11 10:00:00,5.0,2017-05-11 15:00:00,18.0
315,510,S36754573,easpho,L97555,42.4787599,-76.4529133,2017-05-11 10:00:00,5.0,2017-05-11 15:00:00,18.0
316,510,S36754573,dowwoo,L97555,42.4787599,-76.4529133,2017-05-11 10:00:00,5.0,2017-05-11 15:00:00,18.0
317,510,S36754573,bkcchi,L97555,42.4787599,-76.4529133,2017-05-11 10:00:00,5.0,2017-05-11 15:00:00,18.0
318,510,S36754573,pilwoo,L97555,42.4787599,-76.4529133,2017-05-11 10:00:00,5.0,2017-05-11 15:00:00,18.0
319,510,S36754573,grcfly,L97555,42.4787599,-76.4529133,2017-05-11 10:00:00,5.0,2017-05-11 15:00:00,18.0
320,510,S36754573,haiwoo,L97555,42.4787599,-76.4529133,2017-05-11 10:00:00,5.0,2017-05-11 15:00:00,18.0
321,510,S36754573,cangoo,L97555,42.4787599,-76.4529133,2017-05-11 10:00:00,5.0,2017-05-11 15:00:00,18.0
322,510,S36754573,comgra,L97555,42.4787599,-76.4529133,2017-05-11 10:00:00,5.0,2017-05-11 15:00:00,18.0
323,511,S36755800,comyel,L1498729,42.4795201,-76.4551642,2017-05-12 07:04:00,1.084,2017-05-12 08:09:02.400000,14.0
324,511,S36755800,moudov,L1498729,42.4795201,-76.4551642,2017-05-12 07:04:00,1.084,2017-05-12 08:09:02.400000,14.0
325,511,S36755800,rewbla,L1498729,42.4795201,-76.4551642,2017-05-12 07:04:00,1.084,2017-05-12 08:09:02.400000,14.0
326,511,S36755800,rebwoo,L1498729,42.4795201,-76.4551642,2017-05-12 07:04:00,1.084,2017-05-12 08:09:02.400000,14.0
327,511,S36755800,amegfi,L1498729,42.4795201,-76.4551642,2017-05-12 07:04:00,1.084,2017-05-12 08:09:02.400000,14.0
328,511,S36755800,amerob,L1498729,42.4795201,-76.4551642,2017-05-12 07:04:00,1.084,2017-05-12 08:09:02.400000,14.0
329,511,S36755800,warvir,L1498729,42.4795201,-76.4551642,2017-05-12 07:04:00,1.084,2017-05-12 08:09:02.400000,14.0
330,511,S36755800,reevir1,L1498729,42.4795201,-76.4551642,2017-05-12 07:04:00,1.084,2017-05-12 08:09:02.400000,14.0
331,511,S36755800,btbwar,L1498729,42.4795201,-76.4551642,2017-05-12 07:04:00,1.084,2017-05-12 08:09:02.400000,14.0
332,511,S36755800,grycat,L1498729,42.4795201,-76.4551642,2017-05-12 07:04:00,1.084,2017-05-12 08:09:02.400000,14.0
333,511,S36755800,veery,L1498729,42.4795201,-76.4551642,2017-05-12 07:04:00,1.084,2017-05-12 08:09:02.400000,14.0
334,511,S36755800,norcar,L1498729,42.4795201,-76.4551642,2017-05-12 07:04:00,1.084,2017-05-12 08:09:02.400000,14.0
335,511,S36755800,balori,L1498729,42.4795201,-76.4551642,2017-05-12 07:04:00,1.084,2017-05-12 08:09:02.400000,14.0
336,511,S36755800,blujay,L1498729,42.4795201,-76.4551642,2017-05-12 07:04:00,1.084,2017-05-12 08:09:02.400000,14.0
337,511,S36755800,swaspa,L1498729,42.4795201,-76.4551642,2017-05-12 07:04:00,1.084,2017-05-12 08:09:02.400000,14.0
338,511,S36755800,ruckin,L1498729,42.4795201,-76.4551642,2017-05-12 07:04:00,1.084,2017-05-12 08:09:02.400000,14.0
339,511,S36755800,whtspa,L1498729,42.4795201,-76.4551642,2017-05-12 07:04:00,1.084,2017-05-12 08:09:02.400000,14.0
340,511,S36755800,ovenbi1,L1498729,42.4795201,-76.4551642,2017-05-12 07:04:00,1.084,2017-05-12 08:09:02.400000,14.0
341,511,S36755800,amecro,L1498729,42.4795201,-76.4551642,2017-05-12 07:04:00,1.084,2017-05-12 08:09:02.400000,14.0
342,511,S36755800,yerwar,L1498729,42.4795201,-76.4551642,2017-05-12 07:04:00,1.084,2017-05-12 08:09:02.400000,14.0
343,511,S36755800,easpho,L1498729,42.4795201,-76.4551642,2017-05-12 07:04:00,1.084,2017-05-12 08:09:02.400000,14.0
344,511,S36755800,dowwoo,L1498729,42.4795201,-76.4551642,2017-05-12 07:04:00,1.084,2017-05-12 08:09:02.400000,14.0
345,511,S36755800,bkcchi,L1498729,42.4795201,-76.4551642,2017-05-12 07:04:00,1.084,2017-05-12 08:09:02.400000,14.0
346,511,S36755800,pilwoo,L1498729,42.4795201,-76.4551642,2017-05-12 07:04:00,1.084,2017-05-12 08:09:02.400000,14.0
347,511,S36755800,leafly,L1498729,42.4795201,-76.4551642,2017-05-12 07:04:00,1.084,2017-05-12 08:09:02.400000,14.0
348,511,S36755800,robgro,L1498729,42.4795201,-76.4551642,2017-05-12 07:04:00,1.084,2017-05-12 08:09:02.400000,14.0
349,511,S36755800,amered,L1498729,42.4795201,-76.4551642,2017-05-12 07:04:00,1.084,2017-05-12 08:09:02.400000,14.0
350,511,S36755800,grcfly,L1498729,42.4795201,-76.4551642,2017-05-12 07:04:00,1.084,2017-05-12 08:09:02.400000,14.0
351,511,S36755800,woothr,L1498729,42.4795201,-76.4551642,2017-05-12 07:04:00,1.084,2017-05-12 08:09:02.400000,14.0
352,511,S36755800,yebsap,L1498729,42.4795201,-76.4551642,2017-05-12 07:04:00,1.084,2017-05-12 08:09:02.400000,14.0
353,511,S36755800,swathr,L1498729,42.4795201,-76.4551642,2017-05-12 07:04:00,1.084,2017-05-12 08:09:02.400000,14.0
354,511,S36755800,scatan,L1498729,42.4795201,-76.4551642,2017-05-12 07:04:00,1.084,2017-05-12 08:09:02.400000,14.0
355,511,S36755800,houwre,L1498729,42.4795201,-76.4551642,2017-05-12 07:04:00,1.084,2017-05-12 08:09:02.400000,14.0
356,511,S36755800,btnwar,L1498729,42.4795201,-76.4551642,2017-05-12 07:04:00,1.084,2017-05-12 08:09:02.400000,14.0
357,511,S36755800,grbher3,L1498729,42.4795201,-76.4551642,2017-05-12 07:04:00,1.084,2017-05-12 08:09:02.400000,14.0
358,513,S36756393,wooduc,L1498735,42.4777154,-76.4481604,2017-05-12 08:12:00,0.517,2017-05-12 08:43:01.200000,25.0
359,513,S36756393,comyel,L1498735,42.4777154,-76.4481604,2017-05-12 08:12:00,0.517,2017-05-12 08:43:01.200000,25.0
360,513,S36756393,rebwoo,L1498735,42.4777154,-76.4481604,2017-05-12 08:12:00,0.517,2017-05-12 08:43:01.200000,25.0
361,513,S36756393,amegfi,L1498735,42.4777154,-76.4481604,2017-05-12 08:12:00,0.517,2017-05-12 08:43:01.200000,25.0
362,513,S36756393,btbwar,L1498735,42.4777154,-76.4481604,2017-05-12 08:12:00,0.517,2017-05-12 08:43:01.200000,25.0
363,513,S36756393,grycat,L1498735,42.4777154,-76.4481604,2017-05-12 08:12:00,0.517,2017-05-12 08:43:01.200000,25.0
364,513,S36756393,sonspa,L1498735,42.4777154,-76.4481604,2017-05-12 08:12:00,0.517,2017-05-12 08:43:01.200000,25.0
365,513,S36756393,balori,L1498735,42.4777154,-76.4481604,2017-05-12 08:12:00,0.517,2017-05-12 08:43:01.200000,25.0
366,513,S36756393,blujay,L1498735,42.4777154,-76.4481604,2017-05-12 08:12:00,0.517,2017-05-12 08:43:01.200000,25.0
367,513,S36756393,ovenbi1,L1498735,42.4777154,-76.4481604,2017-05-12 08:12:00,0.517,2017-05-12 08:43:01.200000,25.0
368,513,S36756393,btnwar,L1498735,42.4777154,-76.4481604,2017-05-12 08:12:00,0.517,2017-05-12 08:43:01.200000,25.0
369,513,S36756393,amecro,L1498735,42.4777154,-76.4481604,2017-05-12 08:12:00,0.517,2017-05-12 08:43:01.200000,25.0
370,513,S36756393,bkcchi,L1498735,42.4777154,-76.4481604,2017-05-12 08:12:00,0.517,2017-05-12 08:43:01.200000,25.0
371,513,S36756393,grhowl,L1498735,42.4777154,-76.4481604,2017-05-12 08:12:00,0.517,2017-05-12 08:43:01.200000,25.0
372,513,S36756393,brncre,L1498735,42.4777154,-76.4481604,2017-05-12 08:12:00,0.517,2017-05-12 08:43:01.200000,25.0
373,513,S36756393,leafly,L1498735,42.4777154,-76.4481604,2017-05-12 08:12:00,0.517,2017-05-12 08:43:01.200000,25.0
374,513,S36756393,grcfly,L1498735,42.4777154,-76.4481604,2017-05-12 08:12:00,0.517,2017-05-12 08:43:01.200000,25.0
375,513,S36756393,haiwoo,L1498735,42.4777154,-76.4481604,2017-05-12 08:12:00,0.517,2017-05-12 08:43:01.200000,25.0
376,513,S36756393,yebsap,L1498735,42.4777154,-76.4481604,2017-05-12 08:12:00,0.517,2017-05-12 08:43:01.200000,25.0
377,513,S36756393,cangoo,L1498735,42.4777154,-76.4481604,2017-05-12 08:12:00,0.517,2017-05-12 08:43:01.200000,25.0
378,513,S36756393,norwat,L1498735,42.4777154,-76.4481604,2017-05-12 08:12:00,0.517,2017-05-12 08:43:01.200000,25.0
379,513,S36756393,boboli,L1498735,42.4777154,-76.4481604,2017-05-12 08:12:00,0.517,2017-05-12 08:43:01.200000,25.0
380,514,S36757509,mallar3,L1246441,42.4804057,-76.4532351,2017-05-12 08:37:00,0.967,2017-05-12 09:35:01.200000,15.0
381,514,S36757509,comyel,L1246441,42.4804057,-76.4532351,2017-05-12 08:37:00,0.967,2017-05-12 09:35:01.200000,15.0
382,514,S36757509,treswa,L1246441,42.4804057,-76.4532351,2017-05-12 08:37:00,0.967,2017-05-12 09:35:01.200000,15.0
383,514,S36757509,moudov,L1246441,42.4804057,-76.4532351,2017-05-12 08:37:00,0.967,2017-05-12 09:35:01.200000,15.0
384,514,S36757509,rewbla,L1246441,42.4804057,-76.4532351,2017-05-12 08:37:00,0.967,2017-05-12 09:35:01.200000,15.0
385,514,S36757509,rebwoo,L1246441,42.4804057,-76.4532351,2017-05-12 08:37:00,0.967,2017-05-12 09:35:01.200000,15.0
386,514,S36757509,warvir,L1246441,42.4804057,-76.4532351,2017-05-12 08:37:00,0.967,2017-05-12 09:35:01.200000,15.0
387,514,S36757509,reevir1,L1246441,42.4804057,-76.4532351,2017-05-12 08:37:00,0.967,2017-05-12 09:35:01.200000,15.0
388,514,S36757509,amegfi,L1246441,42.4804057,-76.4532351,2017-05-12 08:37:00,0.967,2017-05-12 09:35:01.200000,15.0
389,514,S36757509,amerob,L1246441,42.4804057,-76.4532351,2017-05-12 08:37:00,0.967,2017-05-12 09:35:01.200000,15.0
390,514,S36757509,grycat,L1246441,42.4804057,-76.4532351,2017-05-12 08:37:00,0.967,2017-05-12 09:35:01.200000,15.0
391,514,S36757509,sonspa,L1246441,42.4804057,-76.4532351,2017-05-12 08:37:00,0.967,2017-05-12 09:35:01.200000,15.0
392,514,S36757509,blujay,L1246441,42.4804057,-76.4532351,2017-05-12 08:37:00,0.967,2017-05-12 09:35:01.200000,15.0
393,514,S36757509,swaspa,L1246441,42.4804057,-76.4532351,2017-05-12 08:37:00,0.967,2017-05-12 09:35:01.200000,15.0
394,514,S36757509,ovenbi1,L1246441,42.4804057,-76.4532351,2017-05-12 08:37:00,0.967,2017-05-12 09:35:01.200000,15.0
395,514,S36757509,easpho,L1246441,42.4804057,-76.4532351,2017-05-12 08:37:00,0.967,2017-05-12 09:35:01.200000,15.0
396,514,S36757509,dowwoo,L1246441,42.4804057,-76.4532351,2017-05-12 08:37:00,0.967,2017-05-12 09:35:01.200000,15.0
397,514,S36757509,bkcchi,L1246441,42.4804057,-76.4532351,2017-05-12 08:37:00,0.967,2017-05-12 09:35:01.200000,15.0
398,514,S36757509,haiwoo,L1246441,42.4804057,-76.4532351,2017-05-12 08:37:00,0.967,2017-05-12 09:35:01.200000,15.0
399,514,S36757509,woothr,L1246441,42.4804057,-76.4532351,2017-05-12 08:37:00,0.967,2017-05-12 09:35:01.200000,15.0
400,514,S36757509,cangoo,L1246441,42.4804057,-76.4532351,2017-05-12 08:37:00,0.967,2017-05-12 09:35:01.200000,15.0
401,514,S36757509,comgra,L1246441,42.4804057,-76.4532351,2017-05-12 08:37:00,0.967,2017-05-12 09:35:01.200000,15.0
402,514,S36757509,houwre,L1246441,42.4804057,-76.4532351,2017-05-12 08:37:00,0.967,2017-05-12 09:35:01.200000,15.0
403,514,S36757509,btnwar,L1246441,42.4804057,-76.4532351,2017-05-12 08:37:00,0.967,2017-05-12 09:35:01.200000,15.0
404,514,S36757509,grbher3,L1246441,42.4804057,-76.4532351,2017-05-12 08:37:00,0.967,2017-05-12 09:35:01.200000,15.0
405,514,S36757509,norfli,L1246441,42.4804057,-76.4532351,2017-05-12 08:37:00,0.967,2017-05-12 09:35:01.200000,15.0
406,515,S36758108,grcfly,L97555,42.4787599,-76.4529133,2017-05-12 09:40:00,0.367,2017-05-12 10:02:01.200000,18.0
407,515,S36758108,woothr,L97555,42.4787599,-76.4529133,2017-05-12 09:40:00,0.367,2017-05-12 10:02:01.200000,18.0
408,515,S36758108,btbwar,L97555,42.4787599,-76.4529133,2017-05-12 09:40:00,0.367,2017-05-12 10:02:01.200000,18.0
409,515,S36758108,yebsap,L97555,42.4787599,-76.4529133,2017-05-12 09:40:00,0.367,2017-05-12 10:02:01.200000,18.0
410,515,S36758108,ovenbi1,L97555,42.4787599,-76.4529133,2017-05-12 09:40:00,0.367,2017-05-12 10:02:01.200000,18.0
411,515,S36758108,bkcchi,L97555,42.4787599,-76.4529133,2017-05-12 09:40:00,0.367,2017-05-12 10:02:01.200000,18.0
412,515,S36758108,moudov,L97555,42.4787599,-76.4529133,2017-05-12 09:40:00,0.367,2017-05-12 10:02:01.200000,18.0
413,515,S36758108,norwat,L97555,42.4787599,-76.4529133,2017-05-12 09:40:00,0.367,2017-05-12 10:02:01.200000,18.0
414,515,S36758108,rebwoo,L97555,42.4787599,-76.4529133,2017-05-12 09:40:00,0.367,2017-05-12 10:02:01.200000,18.0
415,516,S36758149,easblu,L1246441,42.4804057,-76.4532351,2017-05-12 09:15:00,0.583,2017-05-12 09:49:58.800000,15.0
416,516,S36758149,comyel,L1246441,42.4804057,-76.4532351,2017-05-12 09:15:00,0.583,2017-05-12 09:49:58.800000,15.0
417,516,S36758149,treswa,L1246441,42.4804057,-76.4532351,2017-05-12 09:15:00,0.583,2017-05-12 09:49:58.800000,15.0
418,516,S36758149,moudov,L1246441,42.4804057,-76.4532351,2017-05-12 09:15:00,0.583,2017-05-12 09:49:58.800000,15.0
419,516,S36758149,yelwar,L1246441,42.4804057,-76.4532351,2017-05-12 09:15:00,0.583,2017-05-12 09:49:58.800000,15.0
420,516,S36758149,rewbla,L1246441,42.4804057,-76.4532351,2017-05-12 09:15:00,0.583,2017-05-12 09:49:58.800000,15.0
421,516,S36758149,whbnut,L1246441,42.4804057,-76.4532351,2017-05-12 09:15:00,0.583,2017-05-12 09:49:58.800000,15.0
422,516,S36758149,warvir,L1246441,42.4804057,-76.4532351,2017-05-12 09:15:00,0.583,2017-05-12 09:49:58.800000,15.0
423,516,S36758149,amerob,L1246441,42.4804057,-76.4532351,2017-05-12 09:15:00,0.583,2017-05-12 09:49:58.800000,15.0
424,516,S36758149,eursta,L1246441,42.4804057,-76.4532351,2017-05-12 09:15:00,0.583,2017-05-12 09:49:58.800000,15.0
425,516,S36758149,amegfi,L1246441,42.4804057,-76.4532351,2017-05-12 09:15:00,0.583,2017-05-12 09:49:58.800000,15.0
426,516,S36758149,grycat,L1246441,42.4804057,-76.4532351,2017-05-12 09:15:00,0.583,2017-05-12 09:49:58.800000,15.0
427,516,S36758149,sonspa,L1246441,42.4804057,-76.4532351,2017-05-12 09:15:00,0.583,2017-05-12 09:49:58.800000,15.0
428,516,S36758149,norcar,L1246441,42.4804057,-76.4532351,2017-05-12 09:15:00,0.583,2017-05-12 09:49:58.800000,15.0
429,516,S36758149,blujay,L1246441,42.4804057,-76.4532351,2017-05-12 09:15:00,0.583,2017-05-12 09:49:58.800000,15.0
430,516,S36758149,balori,L1246441,42.4804057,-76.4532351,2017-05-12 09:15:00,0.583,2017-05-12 09:49:58.800000,15.0
431,516,S36758149,swaspa,L1246441,42.4804057,-76.4532351,2017-05-12 09:15:00,0.583,2017-05-12 09:49:58.800000,15.0
432,516,S36758149,whtspa,L1246441,42.4804057,-76.4532351,2017-05-12 09:15:00,0.583,2017-05-12 09:49:58.800000,15.0
433,516,S36758149,ovenbi1,L1246441,42.4804057,-76.4532351,2017-05-12 09:15:00,0.583,2017-05-12 09:49:58.800000,15.0
434,516,S36758149,amecro,L1246441,42.4804057,-76.4532351,2017-05-12 09:15:00,0.583,2017-05-12 09:49:58.800000,15.0
435,516,S36758149,bnhcow,L1246441,42.4804057,-76.4532351,2017-05-12 09:15:00,0.583,2017-05-12 09:49:58.800000,15.0
436,516,S36758149,houfin,L1246441,42.4804057,-76.4532351,2017-05-12 09:15:00,0.583,2017-05-12 09:49:58.800000,15.0
437,516,S36758149,yerwar,L1246441,42.4804057,-76.4532351,2017-05-12 09:15:00,0.583,2017-05-12 09:49:58.800000,15.0
438,516,S36758149,easpho,L1246441,42.4804057,-76.4532351,2017-05-12 09:15:00,0.583,2017-05-12 09:49:58.800000,15.0
439,516,S36758149,bkcchi,L1246441,42.4804057,-76.4532351,2017-05-12 09:15:00,0.583,2017-05-12 09:49:58.800000,15.0
440,516,S36758149,leafly,L1246441,42.4804057,-76.4532351,2017-05-12 09:15:00,0.583,2017-05-12 09:49:58.800000,15.0
441,516,S36758149,grcfly,L1246441,42.4804057,-76.4532351,2017-05-12 09:15:00,0.583,2017-05-12 09:49:58.800000,15.0
442,516,S36758149,woothr,L1246441,42.4804057,-76.4532351,2017-05-12 09:15:00,0.583,2017-05-12 09:49:58.800000,15.0
443,516,S36758149,tuftit,L1246441,42.4804057,-76.4532351,2017-05-12 09:15:00,0.583,2017-05-12 09:49:58.800000,15.0
444,516,S36758149,cangoo,L1246441,42.4804057,-76.4532351,2017-05-12 09:15:00,0.583,2017-05-12 09:49:58.800000,15.0
445,516,S36758149,comgra,L1246441,42.4804057,-76.4532351,2017-05-12 09:15:00,0.583,2017-05-12 09:49:58.800000,15.0
446,516,S36758149,houwre,L1246441,42.4804057,-76.4532351,2017-05-12 09:15:00,0.583,2017-05-12 09:49:58.800000,15.0
447,516,S36758149,norwat,L1246441,42.4804057,-76.4532351,2017-05-12 09:15:00,0.583,2017-05-12 09:49:58.800000,15.0
448,517,S36758309,rethaw,L97555,42.4787599,-76.4529133,2017-05-11 08:20:00,0.5,2017-05-11 08:50:00,18.0
449,517,S36758309,mallar3,L97555,42.4787599,-76.4529133,2017-05-11 08:20:00,0.5,2017-05-11 08:50:00,18.0
450,517,S36758309,comyel,L97555,42.4787599,-76.4529133,2017-05-11 08:20:00,0.5,2017-05-11 08:50:00,18.0
451,517,S36758309,moudov,L97555,42.4787599,-76.4529133,2017-05-11 08:20:00,0.5,2017-05-11 08:50:00,18.0
452,517,S36758309,yelwar,L97555,42.4787599,-76.4529133,2017-05-11 08:20:00,0.5,2017-05-11 08:50:00,18.0
453,517,S36758309,rewbla,L97555,42.4787599,-76.4529133,2017-05-11 08:20:00,0.5,2017-05-11 08:50:00,18.0
454,517,S36758309,rebwoo,L97555,42.4787599,-76.4529133,2017-05-11 08:20:00,0.5,2017-05-11 08:50:00,18.0
455,517,S36758309,whbnut,L97555,42.4787599,-76.4529133,2017-05-11 08:20:00,0.5,2017-05-11 08:50:00,18.0
456,517,S36758309,amegfi,L97555,42.4787599,-76.4529133,2017-05-11 08:20:00,0.5,2017-05-11 08:50:00,18.0
457,517,S36758309,reevir1,L97555,42.4787599,-76.4529133,2017-05-11 08:20:00,0.5,2017-05-11 08:50:00,18.0
458,517,S36758309,eursta,L97555,42.4787599,-76.4529133,2017-05-11 08:20:00,0.5,2017-05-11 08:50:00,18.0
459,517,S36758309,amerob,L97555,42.4787599,-76.4529133,2017-05-11 08:20:00,0.5,2017-05-11 08:50:00,18.0
460,517,S36758309,grycat,L97555,42.4787599,-76.4529133,2017-05-11 08:20:00,0.5,2017-05-11 08:50:00,18.0
461,517,S36758309,sonspa,L97555,42.4787599,-76.4529133,2017-05-11 08:20:00,0.5,2017-05-11 08:50:00,18.0
462,517,S36758309,norcar,L97555,42.4787599,-76.4529133,2017-05-11 08:20:00,0.5,2017-05-11 08:50:00,18.0
463,517,S36758309,blujay,L97555,42.4787599,-76.4529133,2017-05-11 08:20:00,0.5,2017-05-11 08:50:00,18.0
464,517,S36758309,balori,L97555,42.4787599,-76.4529133,2017-05-11 08:20:00,0.5,2017-05-11 08:50:00,18.0
465,517,S36758309,belkin1,L97555,42.4787599,-76.4529133,2017-05-11 08:20:00,0.5,2017-05-11 08:50:00,18.0
466,517,S36758309,brdowl,L97555,42.4787599,-76.4529133,2017-05-11 08:20:00,0.5,2017-05-11 08:50:00,18.0
467,517,S36758309,swaspa,L97555,42.4787599,-76.4529133,2017-05-11 08:20:00,0.5,2017-05-11 08:50:00,18.0
468,517,S36758309,whtspa,L97555,42.4787599,-76.4529133,2017-05-11 08:20:00,0.5,2017-05-11 08:50:00,18.0
469,517,S36758309,ovenbi1,L97555,42.4787599,-76.4529133,2017-05-11 08:20:00,0.5,2017-05-11 08:50:00,18.0
470,517,S36758309,amecro,L97555,42.4787599,-76.4529133,2017-05-11 08:20:00,0.5,2017-05-11 08:50:00,18.0
471,517,S36758309,houfin,L97555,42.4787599,-76.4529133,2017-05-11 08:20:00,0.5,2017-05-11 08:50:00,18.0
472,517,S36758309,yerwar,L97555,42.4787599,-76.4529133,2017-05-11 08:20:00,0.5,2017-05-11 08:50:00,18.0
473,517,S36758309,dowwoo,L97555,42.4787599,-76.4529133,2017-05-11 08:20:00,0.5,2017-05-11 08:50:00,18.0
474,517,S36758309,bkcchi,L97555,42.4787599,-76.4529133,2017-05-11 08:20:00,0.5,2017-05-11 08:50:00,18.0
475,517,S36758309,robgro,L97555,42.4787599,-76.4529133,2017-05-11 08:20:00,0.5,2017-05-11 08:50:00,18.0
476,517,S36758309,grcfly,L97555,42.4787599,-76.4529133,2017-05-11 08:20:00,0.5,2017-05-11 08:50:00,18.0
477,517,S36758309,woothr,L97555,42.4787599,-76.4529133,2017-05-11 08:20:00,0.5,2017-05-11 08:50:00,18.0
478,517,S36758309,haiwoo,L97555,42.4787599,-76.4529133,2017-05-11 08:20:00,0.5,2017-05-11 08:50:00,18.0
479,517,S36758309,yebsap,L97555,42.4787599,-76.4529133,2017-05-11 08:20:00,0.5,2017-05-11 08:50:00,18.0
480,517,S36758309,tuftit,L97555,42.4787599,-76.4529133,2017-05-11 08:20:00,0.5,2017-05-11 08:50:00,18.0
481,517,S36758309,solsan,L97555,42.4787599,-76.4529133,2017-05-11 08:20:00,0.5,2017-05-11 08:50:00,18.0
482,517,S36758309,cangoo,L97555,42.4787599,-76.4529133,2017-05-11 08:20:00,0.5,2017-05-11 08:50:00,18.0
483,517,S36758309,comgra,L97555,42.4787599,-76.4529133,2017-05-11 08:20:00,0.5,2017-05-11 08:50:00,18.0
484,517,S36758309,houwre,L97555,42.4787599,-76.4529133,2017-05-11 08:20:00,0.5,2017-05-11 08:50:00,18.0
485,518,S36762331,yetvir,L1246441,42.4804057,-76.4532351,2017-05-12 12:41:00,0.35,2017-05-12 13:02:00,15.0
486,518,S36762331,comyel,L1246441,42.4804057,-76.4532351,2017-05-12 12:41:00,0.35,2017-05-12 13:02:00,15.0
487,518,S36762331,rewbla,L1246441,42.4804057,-76.4532351,2017-05-12 12:41:00,0.35,2017-05-12 13:02:00,15.0
488,518,S36762331,rebwoo,L1246441,42.4804057,-76.4532351,2017-05-12 12:41:00,0.35,2017-05-12 13:02:00,15.0
489,518,S36762331,amegfi,L1246441,42.4804057,-76.4532351,2017-05-12 12:41:00,0.35,2017-05-12 13:02:00,15.0
490,518,S36762331,reevir1,L1246441,42.4804057,-76.4532351,2017-05-12 12:41:00,0.35,2017-05-12 13:02:00,15.0
491,518,S36762331,amerob,L1246441,42.4804057,-76.4532351,2017-05-12 12:41:00,0.35,2017-05-12 13:02:00,15.0
492,518,S36762331,grycat,L1246441,42.4804057,-76.4532351,2017-05-12 12:41:00,0.35,2017-05-12 13:02:00,15.0
493,518,S36762331,sonspa,L1246441,42.4804057,-76.4532351,2017-05-12 12:41:00,0.35,2017-05-12 13:02:00,15.0
494,518,S36762331,norcar,L1246441,42.4804057,-76.4532351,2017-05-12 12:41:00,0.35,2017-05-12 13:02:00,15.0
495,518,S36762331,balori,L1246441,42.4804057,-76.4532351,2017-05-12 12:41:00,0.35,2017-05-12 13:02:00,15.0
496,518,S36762331,blujay,L1246441,42.4804057,-76.4532351,2017-05-12 12:41:00,0.35,2017-05-12 13:02:00,15.0
497,518,S36762331,swaspa,L1246441,42.4804057,-76.4532351,2017-05-12 12:41:00,0.35,2017-05-12 13:02:00,15.0
498,518,S36762331,ovenbi1,L1246441,42.4804057,-76.4532351,2017-05-12 12:41:00,0.35,2017-05-12 13:02:00,15.0
499,518,S36762331,bnhcow,L1246441,42.4804057,-76.4532351,2017-05-12 12:41:00,0.35,2017-05-12 13:02:00,15.0
500,518,S36762331,houfin,L1246441,42.4804057,-76.4532351,2017-05-12 12:41:00,0.35,2017-05-12 13:02:00,15.0
501,518,S36762331,dowwoo,L1246441,42.4804057,-76.4532351,2017-05-12 12:41:00,0.35,2017-05-12 13:02:00,15.0
502,518,S36762331,bkcchi,L1246441,42.4804057,-76.4532351,2017-05-12 12:41:00,0.35,2017-05-12 13:02:00,15.0
503,518,S36762331,leafly,L1246441,42.4804057,-76.4532351,2017-05-12 12:41:00,0.35,2017-05-12 13:02:00,15.0
504,518,S36762331,grcfly,L1246441,42.4804057,-76.4532351,2017-05-12 12:41:00,0.35,2017-05-12 13:02:00,15.0
505,518,S36762331,amered,L1246441,42.4804057,-76.4532351,2017-05-12 12:41:00,0.35,2017-05-12 13:02:00,15.0
506,518,S36762331,yebsap,L1246441,42.4804057,-76.4532351,2017-05-12 12:41:00,0.35,2017-05-12 13:02:00,15.0
507,518,S36762331,tuftit,L1246441,42.4804057,-76.4532351,2017-05-12 12:41:00,0.35,2017-05-12 13:02:00,15.0
508,518,S36762331,cangoo,L1246441,42.4804057,-76.4532351,2017-05-12 12:41:00,0.35,2017-05-12 13:02:00,15.0
509,518,S36762331,comgra,L1246441,42.4804057,-76.4532351,2017-05-12 12:41:00,0.35,2017-05-12 13:02:00,15.0
510,518,S36762331,btnwar,L1246441,42.4804057,-76.4532351,2017-05-12 12:41:00,0.35,2017-05-12 13:02:00,15.0
511,518,S36762331,grbher3,L1246441,42.4804057,-76.4532351,2017-05-12 12:41:00,0.35,2017-05-12 13:02:00,15.0
512,518,S36762331,norfli,L1246441,42.4804057,-76.4532351,2017-05-12 12:41:00,0.35,2017-05-12 13:02:00,15.0
513,519,S36762741,yetvir,L1379126,42.4796874,-76.4509829,2017-05-12 13:10:00,0.05,2017-05-12 13:13:00,10.0
514,519,S36762741,houfin,L1379126,42.4796874,-76.4509829,2017-05-12 13:10:00,0.05,2017-05-12 13:13:00,10.0
515,519,S36762741,comgra,L1379126,42.4796874,-76.4509829,2017-05-12 13:10:00,0.05,2017-05-12 13:13:00,10.0
516,519,S36762741,rewbla,L1379126,42.4796874,-76.4509829,2017-05-12 13:10:00,0.05,2017-05-12 13:13:00,10.0
517,519,S36762741,norcar,L1379126,42.4796874,-76.4509829,2017-05-12 13:10:00,0.05,2017-05-12 13:13:00,10.0
518,519,S36762741,balori,L1379126,42.4796874,-76.4509829,2017-05-12 13:10:00,0.05,2017-05-12 13:13:00,10.0
519,520,S36763263,chispa,L97555,42.4787599,-76.4529133,2017-05-12 07:30:00,2.5,2017-05-12 10:00:00,18.0
520,520,S36763263,comyel,L97555,42.4787599,-76.4529133,2017-05-12 07:30:00,2.5,2017-05-12 10:00:00,18.0
521,520,S36763263,moudov,L97555,42.4787599,-76.4529133,2017-05-12 07:30:00,2.5,2017-05-12 10:00:00,18.0
522,520,S36763263,rewbla,L97555,42.4787599,-76.4529133,2017-05-12 07:30:00,2.5,2017-05-12 10:00:00,18.0
523,520,S36763263,whbnut,L97555,42.4787599,-76.4529133,2017-05-12 07:30:00,2.5,2017-05-12 10:00:00,18.0
524,520,S36763263,rebwoo,L97555,42.4787599,-76.4529133,2017-05-12 07:30:00,2.5,2017-05-12 10:00:00,18.0
525,520,S36763263,warvir,L97555,42.4787599,-76.4529133,2017-05-12 07:30:00,2.5,2017-05-12 10:00:00,18.0
526,520,S36763263,amerob,L97555,42.4787599,-76.4529133,2017-05-12 07:30:00,2.5,2017-05-12 10:00:00,18.0
527,520,S36763263,eursta,L97555,42.4787599,-76.4529133,2017-05-12 07:30:00,2.5,2017-05-12 10:00:00,18.0
528,520,S36763263,amegfi,L97555,42.4787599,-76.4529133,2017-05-12 07:30:00,2.5,2017-05-12 10:00:00,18.0
529,520,S36763263,btbwar,L97555,42.4787599,-76.4529133,2017-05-12 07:30:00,2.5,2017-05-12 10:00:00,18.0
530,520,S36763263,reevir1,L97555,42.4787599,-76.4529133,2017-05-12 07:30:00,2.5,2017-05-12 10:00:00,18.0
531,520,S36763263,grycat,L97555,42.4787599,-76.4529133,2017-05-12 07:30:00,2.5,2017-05-12 10:00:00,18.0
532,520,S36763263,sonspa,L97555,42.4787599,-76.4529133,2017-05-12 07:30:00,2.5,2017-05-12 10:00:00,18.0
533,520,S36763263,norcar,L97555,42.4787599,-76.4529133,2017-05-12 07:30:00,2.5,2017-05-12 10:00:00,18.0
534,520,S36763263,balori,L97555,42.4787599,-76.4529133,2017-05-12 07:30:00,2.5,2017-05-12 10:00:00,18.0
535,520,S36763263,blujay,L97555,42.4787599,-76.4529133,2017-05-12 07:30:00,2.5,2017-05-12 10:00:00,18.0
536,520,S36763263,chswar,L97555,42.4787599,-76.4529133,2017-05-12 07:30:00,2.5,2017-05-12 10:00:00,18.0
537,520,S36763263,ovenbi1,L97555,42.4787599,-76.4529133,2017-05-12 07:30:00,2.5,2017-05-12 10:00:00,18.0
538,520,S36763263,amecro,L97555,42.4787599,-76.4529133,2017-05-12 07:30:00,2.5,2017-05-12 10:00:00,18.0
539,520,S36763263,easpho,L97555,42.4787599,-76.4529133,2017-05-12 07:30:00,2.5,2017-05-12 10:00:00,18.0
540,520,S36763263,dowwoo,L97555,42.4787599,-76.4529133,2017-05-12 07:30:00,2.5,2017-05-12 10:00:00,18.0
541,520,S36763263,bkcchi,L97555,42.4787599,-76.4529133,2017-05-12 07:30:00,2.5,2017-05-12 10:00:00,18.0
542,520,S36763263,pilwoo,L97555,42.4787599,-76.4529133,2017-05-12 07:30:00,2.5,2017-05-12 10:00:00,18.0
543,520,S36763263,robgro,L97555,42.4787599,-76.4529133,2017-05-12 07:30:00,2.5,2017-05-12 10:00:00,18.0
544,520,S36763263,turvul,L97555,42.4787599,-76.4529133,2017-05-12 07:30:00,2.5,2017-05-12 10:00:00,18.0
545,520,S36763263,grcfly,L97555,42.4787599,-76.4529133,2017-05-12 07:30:00,2.5,2017-05-12 10:00:00,18.0
546,520,S36763263,amered,L97555,42.4787599,-76.4529133,2017-05-12 07:30:00,2.5,2017-05-12 10:00:00,18.0
547,520,S36763263,haiwoo,L97555,42.4787599,-76.4529133,2017-05-12 07:30:00,2.5,2017-05-12 10:00:00,18.0
548,520,S36763263,woothr,L97555,42.4787599,-76.4529133,2017-05-12 07:30:00,2.5,2017-05-12 10:00:00,18.0
549,520,S36763263,buwwar,L97555,42.4787599,-76.4529133,2017-05-12 07:30:00,2.5,2017-05-12 10:00:00,18.0
550,520,S36763263,tuftit,L97555,42.4787599,-76.4529133,2017-05-12 07:30:00,2.5,2017-05-12 10:00:00,18.0
551,520,S36763263,cangoo,L97555,42.4787599,-76.4529133,2017-05-12 07:30:00,2.5,2017-05-12 10:00:00,18.0
552,520,S36763263,comgra,L97555,42.4787599,-76.4529133,2017-05-12 07:30:00,2.5,2017-05-12 10:00:00,18.0
553,520,S36763263,scatan,L97555,42.4787599,-76.4529133,2017-05-12 07:30:00,2.5,2017-05-12 10:00:00,18.0
554,520,S36763263,houwre,L97555,42.4787599,-76.4529133,2017-05-12 07:30:00,2.5,2017-05-12 10:00:00,18.0
555,520,S36763263,norwat,L97555,42.4787599,-76.4529133,2017-05-12 07:30:00,2.5,2017-05-12 10:00:00,18.0
556,520,S36763263,eastow,L97555,42.4787599,-76.4529133,2017-05-12 07:30:00,2.5,2017-05-12 10:00:00,18.0
557,520,S36763263,btnwar,L97555,42.4787599,-76.4529133,2017-05-12 07:30:00,2.5,2017-05-12 10:00:00,18.0
558,520,S36763263,grbher3,L97555,42.4787599,-76.4529133,2017-05-12 07:30:00,2.5,2017-05-12 10:00:00,18.0
559,520,S36763263,norfli,L97555,42.4787599,-76.4529133,2017-05-12 07:30:00,2.5,2017-05-12 10:00:00,18.0
560,521,S36764242,buhvir,L97555,42.4787599,-76.4529133,2017-05-12 10:56:00,3.517,2017-05-12 14:27:01.200000,18.0
561,521,S36764242,comyel,L97555,42.4787599,-76.4529133,2017-05-12 10:56:00,3.517,2017-05-12 14:27:01.200000,18.0
562,521,S36764242,treswa,L97555,42.4787599,-76.4529133,2017-05-12 10:56:00,3.517,2017-05-12 14:27:01.200000,18.0
563,521,S36764242,moudov,L97555,42.4787599,-76.4529133,2017-05-12 10:56:00,3.517,2017-05-12 14:27:01.200000,18.0
564,521,S36764242,rewbla,L97555,42.4787599,-76.4529133,2017-05-12 10:56:00,3.517,2017-05-12 14:27:01.200000,18.0
565,521,S36764242,rebwoo,L97555,42.4787599,-76.4529133,2017-05-12 10:56:00,3.517,2017-05-12 14:27:01.200000,18.0
566,521,S36764242,amegfi,L97555,42.4787599,-76.4529133,2017-05-12 10:56:00,3.517,2017-05-12 14:27:01.200000,18.0
567,521,S36764242,amerob,L97555,42.4787599,-76.4529133,2017-05-12 10:56:00,3.517,2017-05-12 14:27:01.200000,18.0
568,521,S36764242,btbwar,L97555,42.4787599,-76.4529133,2017-05-12 10:56:00,3.517,2017-05-12 14:27:01.200000,18.0
569,521,S36764242,grycat,L97555,42.4787599,-76.4529133,2017-05-12 10:56:00,3.517,2017-05-12 14:27:01.200000,18.0
570,521,S36764242,grnher,L97555,42.4787599,-76.4529133,2017-05-12 10:56:00,3.517,2017-05-12 14:27:01.200000,18.0
571,521,S36764242,eawpew,L97555,42.4787599,-76.4529133,2017-05-12 10:56:00,3.517,2017-05-12 14:27:01.200000,18.0
572,521,S36764242,norcar,L97555,42.4787599,-76.4529133,2017-05-12 10:56:00,3.517,2017-05-12 14:27:01.200000,18.0
573,521,S36764242,blujay,L97555,42.4787599,-76.4529133,2017-05-12 10:56:00,3.517,2017-05-12 14:27:01.200000,18.0
574,521,S36764242,balori,L97555,42.4787599,-76.4529133,2017-05-12 10:56:00,3.517,2017-05-12 14:27:01.200000,18.0
575,521,S36764242,amecro,L97555,42.4787599,-76.4529133,2017-05-12 10:56:00,3.517,2017-05-12 14:27:01.200000,18.0
576,521,S36764242,easpho,L97555,42.4787599,-76.4529133,2017-05-12 10:56:00,3.517,2017-05-12 14:27:01.200000,18.0
577,521,S36764242,dowwoo,L97555,42.4787599,-76.4529133,2017-05-12 10:56:00,3.517,2017-05-12 14:27:01.200000,18.0
578,521,S36764242,bkcchi,L97555,42.4787599,-76.4529133,2017-05-12 10:56:00,3.517,2017-05-12 14:27:01.200000,18.0
579,521,S36764242,pilwoo,L97555,42.4787599,-76.4529133,2017-05-12 10:56:00,3.517,2017-05-12 14:27:01.200000,18.0
580,521,S36764242,amered,L97555,42.4787599,-76.4529133,2017-05-12 10:56:00,3.517,2017-05-12 14:27:01.200000,18.0
581,521,S36764242,haiwoo,L97555,42.4787599,-76.4529133,2017-05-12 10:56:00,3.517,2017-05-12 14:27:01.200000,18.0
582,521,S36764242,yebsap,L97555,42.4787599,-76.4529133,2017-05-12 10:56:00,3.517,2017-05-12 14:27:01.200000,18.0
583,521,S36764242,tuftit,L97555,42.4787599,-76.4529133,2017-05-12 10:56:00,3.517,2017-05-12 14:27:01.200000,18.0
584,521,S36764242,cangoo,L97555,42.4787599,-76.4529133,2017-05-12 10:56:00,3.517,2017-05-12 14:27:01.200000,18.0
585,521,S36764242,comgra,L97555,42.4787599,-76.4529133,2017-05-12 10:56:00,3.517,2017-05-12 14:27:01.200000,18.0
586,521,S36764242,btnwar,L97555,42.4787599,-76.4529133,2017-05-12 10:56:00,3.517,2017-05-12 14:27:01.200000,18.0
587,521,S36764242,grbher3,L97555,42.4787599,-76.4529133,2017-05-12 10:56:00,3.517,2017-05-12 14:27:01.200000,18.0
588,522,S36764307,mallar3,L1246441,42.4804057,-76.4532351,2017-05-12 13:43:00,0.767,2017-05-12 14:29:01.200000,15.0
589,522,S36764307,comyel,L1246441,42.4804057,-76.4532351,2017-05-12 13:43:00,0.767,2017-05-12 14:29:01.200000,15.0
590,522,S36764307,treswa,L1246441,42.4804057,-76.4532351,2017-05-12 13:43:00,0.767,2017-05-12 14:29:01.200000,15.0
591,522,S36764307,moudov,L1246441,42.4804057,-76.4532351,2017-05-12 13:43:00,0.767,2017-05-12 14:29:01.200000,15.0
592,522,S36764307,yelwar,L1246441,42.4804057,-76.4532351,2017-05-12 13:43:00,0.767,2017-05-12 14:29:01.200000,15.0
593,522,S36764307,rewbla,L1246441,42.4804057,-76.4532351,2017-05-12 13:43:00,0.767,2017-05-12 14:29:01.200000,15.0
594,522,S36764307,rebwoo,L1246441,42.4804057,-76.4532351,2017-05-12 13:43:00,0.767,2017-05-12 14:29:01.200000,15.0
595,522,S36764307,whbnut,L1246441,42.4804057,-76.4532351,2017-05-12 13:43:00,0.767,2017-05-12 14:29:01.200000,15.0
596,522,S36764307,warvir,L1246441,42.4804057,-76.4532351,2017-05-12 13:43:00,0.767,2017-05-12 14:29:01.200000,15.0
597,522,S36764307,amerob,L1246441,42.4804057,-76.4532351,2017-05-12 13:43:00,0.767,2017-05-12 14:29:01.200000,15.0
598,522,S36764307,amegfi,L1246441,42.4804057,-76.4532351,2017-05-12 13:43:00,0.767,2017-05-12 14:29:01.200000,15.0
599,522,S36764307,grycat,L1246441,42.4804057,-76.4532351,2017-05-12 13:43:00,0.767,2017-05-12 14:29:01.200000,15.0
600,522,S36764307,sonspa,L1246441,42.4804057,-76.4532351,2017-05-12 13:43:00,0.767,2017-05-12 14:29:01.200000,15.0
601,522,S36764307,grnher,L1246441,42.4804057,-76.4532351,2017-05-12 13:43:00,0.767,2017-05-12 14:29:01.200000,15.0
602,522,S36764307,norcar,L1246441,42.4804057,-76.4532351,2017-05-12 13:43:00,0.767,2017-05-12 14:29:01.200000,15.0
603,522,S36764307,balori,L1246441,42.4804057,-76.4532351,2017-05-12 13:43:00,0.767,2017-05-12 14:29:01.200000,15.0
604,522,S36764307,blujay,L1246441,42.4804057,-76.4532351,2017-05-12 13:43:00,0.767,2017-05-12 14:29:01.200000,15.0
605,522,S36764307,swaspa,L1246441,42.4804057,-76.4532351,2017-05-12 13:43:00,0.767,2017-05-12 14:29:01.200000,15.0
606,522,S36764307,ruckin,L1246441,42.4804057,-76.4532351,2017-05-12 13:43:00,0.767,2017-05-12 14:29:01.200000,15.0
607,522,S36764307,whtspa,L1246441,42.4804057,-76.4532351,2017-05-12 13:43:00,0.767,2017-05-12 14:29:01.200000,15.0
608,522,S36764307,ovenbi1,L1246441,42.4804057,-76.4532351,2017-05-12 13:43:00,0.767,2017-05-12 14:29:01.200000,15.0
609,522,S36764307,easpho,L1246441,42.4804057,-76.4532351,2017-05-12 13:43:00,0.767,2017-05-12 14:29:01.200000,15.0
610,522,S36764307,dowwoo,L1246441,42.4804057,-76.4532351,2017-05-12 13:43:00,0.767,2017-05-12 14:29:01.200000,15.0
611,522,S36764307,bkcchi,L1246441,42.4804057,-76.4532351,2017-05-12 13:43:00,0.767,2017-05-12 14:29:01.200000,15.0
612,522,S36764307,robgro,L1246441,42.4804057,-76.4532351,2017-05-12 13:43:00,0.767,2017-05-12 14:29:01.200000,15.0
613,522,S36764307,leafly,L1246441,42.4804057,-76.4532351,2017-05-12 13:43:00,0.767,2017-05-12 14:29:01.200000,15.0
614,522,S36764307,tuftit,L1246441,42.4804057,-76.4532351,2017-05-12 13:43:00,0.767,2017-05-12 14:29:01.200000,15.0
615,522,S36764307,cangoo,L1246441,42.4804057,-76.4532351,2017-05-12 13:43:00,0.767,2017-05-12 14:29:01.200000,15.0
616,522,S36764307,comgra,L1246441,42.4804057,-76.4532351,2017-05-12 13:43:00,0.767,2017-05-12 14:29:01.200000,15.0
617,522,S36764307,grbher3,L1246441,42.4804057,-76.4532351,2017-05-12 13:43:00,0.767,2017-05-12 14:29:01.200000,15.0
618,522,S36764307,norfli,L1246441,42.4804057,-76.4532351,2017-05-12 13:43:00,0.767,2017-05-12 14:29:01.200000,15.0
619,523,S36765402,yetvir,L4271563,42.4766075,-76.455853,2017-05-12 12:10:00,0.583,2017-05-12 12:44:58.800000,20.0
620,523,S36765402,mallar3,L4271563,42.4766075,-76.455853,2017-05-12 12:10:00,0.583,2017-05-12 12:44:58.800000,20.0
621,523,S36765402,comyel,L4271563,42.4766075,-76.455853,2017-05-12 12:10:00,0.583,2017-05-12 12:44:58.800000,20.0
622,523,S36765402,treswa,L4271563,42.4766075,-76.455853,2017-05-12 12:10:00,0.583,2017-05-12 12:44:58.800000,20.0
623,523,S36765402,moudov,L4271563,42.4766075,-76.455853,2017-05-12 12:10:00,0.583,2017-05-12 12:44:58.800000,20.0
624,523,S36765402,yelwar,L4271563,42.4766075,-76.455853,2017-05-12 12:10:00,0.583,2017-05-12 12:44:58.800000,20.0
625,523,S36765402,rewbla,L4271563,42.4766075,-76.455853,2017-05-12 12:10:00,0.583,2017-05-12 12:44:58.800000,20.0
626,523,S36765402,rebwoo,L4271563,42.4766075,-76.455853,2017-05-12 12:10:00,0.583,2017-05-12 12:44:58.800000,20.0
627,523,S36765402,amegfi,L4271563,42.4766075,-76.455853,2017-05-12 12:10:00,0.583,2017-05-12 12:44:58.800000,20.0
628,523,S36765402,reevir1,L4271563,42.4766075,-76.455853,2017-05-12 12:10:00,0.583,2017-05-12 12:44:58.800000,20.0
629,523,S36765402,amerob,L4271563,42.4766075,-76.455853,2017-05-12 12:10:00,0.583,2017-05-12 12:44:58.800000,20.0
630,523,S36765402,grycat,L4271563,42.4766075,-76.455853,2017-05-12 12:10:00,0.583,2017-05-12 12:44:58.800000,20.0
631,523,S36765402,sonspa,L4271563,42.4766075,-76.455853,2017-05-12 12:10:00,0.583,2017-05-12 12:44:58.800000,20.0
632,523,S36765402,norcar,L4271563,42.4766075,-76.455853,2017-05-12 12:10:00,0.583,2017-05-12 12:44:58.800000,20.0
633,523,S36765402,brdowl,L4271563,42.4766075,-76.455853,2017-05-12 12:10:00,0.583,2017-05-12 12:44:58.800000,20.0
634,523,S36765402,blujay,L4271563,42.4766075,-76.455853,2017-05-12 12:10:00,0.583,2017-05-12 12:44:58.800000,20.0
635,523,S36765402,balori,L4271563,42.4766075,-76.455853,2017-05-12 12:10:00,0.583,2017-05-12 12:44:58.800000,20.0
636,523,S36765402,swaspa,L4271563,42.4766075,-76.455853,2017-05-12 12:10:00,0.583,2017-05-12 12:44:58.800000,20.0
637,523,S36765402,whtspa,L4271563,42.4766075,-76.455853,2017-05-12 12:10:00,0.583,2017-05-12 12:44:58.800000,20.0
638,523,S36765402,ovenbi1,L4271563,42.4766075,-76.455853,2017-05-12 12:10:00,0.583,2017-05-12 12:44:58.800000,20.0
639,523,S36765402,amecro,L4271563,42.4766075,-76.455853,2017-05-12 12:10:00,0.583,2017-05-12 12:44:58.800000,20.0
640,523,S36765402,bnhcow,L4271563,42.4766075,-76.455853,2017-05-12 12:10:00,0.583,2017-05-12 12:44:58.800000,20.0
641,523,S36765402,yerwar,L4271563,42.4766075,-76.455853,2017-05-12 12:10:00,0.583,2017-05-12 12:44:58.800000,20.0
642,523,S36765402,easpho,L4271563,42.4766075,-76.455853,2017-05-12 12:10:00,0.583,2017-05-12 12:44:58.800000,20.0
643,523,S36765402,bkcchi,L4271563,42.4766075,-76.455853,2017-05-12 12:10:00,0.583,2017-05-12 12:44:58.800000,20.0
644,523,S36765402,leafly,L4271563,42.4766075,-76.455853,2017-05-12 12:10:00,0.583,2017-05-12 12:44:58.800000,20.0
645,523,S36765402,grcfly,L4271563,42.4766075,-76.455853,2017-05-12 12:10:00,0.583,2017-05-12 12:44:58.800000,20.0
646,523,S36765402,woothr,L4271563,42.4766075,-76.455853,2017-05-12 12:10:00,0.583,2017-05-12 12:44:58.800000,20.0
647,523,S36765402,haiwoo,L4271563,42.4766075,-76.455853,2017-05-12 12:10:00,0.583,2017-05-12 12:44:58.800000,20.0
648,523,S36765402,yebsap,L4271563,42.4766075,-76.455853,2017-05-12 12:10:00,0.583,2017-05-12 12:44:58.800000,20.0
649,523,S36765402,tuftit,L4271563,42.4766075,-76.455853,2017-05-12 12:10:00,0.583,2017-05-12 12:44:58.800000,20.0
650,523,S36765402,cangoo,L4271563,42.4766075,-76.455853,2017-05-12 12:10:00,0.583,2017-05-12 12:44:58.800000,20.0
651,523,S36765402,comgra,L4271563,42.4766075,-76.455853,2017-05-12 12:10:00,0.583,2017-05-12 12:44:58.800000,20.0
652,523,S36765402,scatan,L4271563,42.4766075,-76.455853,2017-05-12 12:10:00,0.583,2017-05-12 12:44:58.800000,20.0
653,523,S36765402,houwre,L4271563,42.4766075,-76.455853,2017-05-12 12:10:00,0.583,2017-05-12 12:44:58.800000,20.0
654,523,S36765402,norfli,L4271563,42.4766075,-76.455853,2017-05-12 12:10:00,0.583,2017-05-12 12:44:58.800000,20.0
655,524,S36765992,amerob,L97555,42.4787599,-76.4529133,2017-05-12 15:30:00,0.2,2017-05-12 15:42:00,18.0
656,524,S36765992,amegfi,L97555,42.4787599,-76.4529133,2017-05-12 15:30:00,0.2,2017-05-12 15:42:00,18.0
657,524,S36765992,balori,L97555,42.4787599,-76.4529133,2017-05-12 15:30:00,0.2,2017-05-12 15:42:00,18.0
658,524,S36765992,whtspa,L97555,42.4787599,-76.4529133,2017-05-12 15:30:00,0.2,2017-05-12 15:42:00,18.0
659,524,S36765992,ovenbi1,L97555,42.4787599,-76.4529133,2017-05-12 15:30:00,0.2,2017-05-12 15:42:00,18.0
660,524,S36765992,blujay,L97555,42.4787599,-76.4529133,2017-05-12 15:30:00,0.2,2017-05-12 15:42:00,18.0
661,524,S36765992,amecro,L97555,42.4787599,-76.4529133,2017-05-12 15:30:00,0.2,2017-05-12 15:42:00,18.0
662,524,S36765992,cangoo,L97555,42.4787599,-76.4529133,2017-05-12 15:30:00,0.2,2017-05-12 15:42:00,18.0
663,524,S36765992,grycat,L97555,42.4787599,-76.4529133,2017-05-12 15:30:00,0.2,2017-05-12 15:42:00,18.0
664,524,S36765992,comgra,L97555,42.4787599,-76.4529133,2017-05-12 15:30:00,0.2,2017-05-12 15:42:00,18.0
665,524,S36765992,treswa,L97555,42.4787599,-76.4529133,2017-05-12 15:30:00,0.2,2017-05-12 15:42:00,18.0
666,524,S36765992,bkcchi,L97555,42.4787599,-76.4529133,2017-05-12 15:30:00,0.2,2017-05-12 15:42:00,18.0
667,524,S36765992,norfli,L97555,42.4787599,-76.4529133,2017-05-12 15:30:00,0.2,2017-05-12 15:42:00,18.0
668,524,S36765992,norcar,L97555,42.4787599,-76.4529133,2017-05-12 15:30:00,0.2,2017-05-12 15:42:00,18.0
669,524,S36765992,belkin1,L97555,42.4787599,-76.4529133,2017-05-12 15:30:00,0.2,2017-05-12 15:42:00,18.0
670,525,S36780872,amerob,L1379126,42.4796874,-76.4509829,2017-05-13 05:19:00,0.25,2017-05-13 05:34:00,10.0
671,525,S36780872,ovenbi1,L1379126,42.4796874,-76.4509829,2017-05-13 05:19:00,0.25,2017-05-13 05:34:00,10.0
672,525,S36780872,tuftit,L1379126,42.4796874,-76.4509829,2017-05-13 05:19:00,0.25,2017-05-13 05:34:00,10.0
673,525,S36780872,grycat,L1379126,42.4796874,-76.4509829,2017-05-13 05:19:00,0.25,2017-05-13 05:34:00,10.0
674,525,S36780872,wooduc,L1379126,42.4796874,-76.4509829,2017-05-13 05:19:00,0.25,2017-05-13 05:34:00,10.0
675,525,S36780872,comyel,L1379126,42.4796874,-76.4509829,2017-05-13 05:19:00,0.25,2017-05-13 05:34:00,10.0
676,525,S36780872,easpho,L1379126,42.4796874,-76.4509829,2017-05-13 05:19:00,0.25,2017-05-13 05:34:00,10.0
677,525,S36780872,sonspa,L1379126,42.4796874,-76.4509829,2017-05-13 05:19:00,0.25,2017-05-13 05:34:00,10.0
678,525,S36780872,bkcchi,L1379126,42.4796874,-76.4509829,2017-05-13 05:19:00,0.25,2017-05-13 05:34:00,10.0
679,525,S36780872,houwre,L1379126,42.4796874,-76.4509829,2017-05-13 05:19:00,0.25,2017-05-13 05:34:00,10.0
680,525,S36780872,norwat,L1379126,42.4796874,-76.4509829,2017-05-13 05:19:00,0.25,2017-05-13 05:34:00,10.0
681,525,S36780872,moudov,L1379126,42.4796874,-76.4509829,2017-05-13 05:19:00,0.25,2017-05-13 05:34:00,10.0
682,525,S36780872,rewbla,L1379126,42.4796874,-76.4509829,2017-05-13 05:19:00,0.25,2017-05-13 05:34:00,10.0
683,525,S36780872,norcar,L1379126,42.4796874,-76.4509829,2017-05-13 05:19:00,0.25,2017-05-13 05:34:00,10.0
684,526,S36781125,easblu,L1379126,42.4796874,-76.4509829,2017-05-13 05:35:00,0.567,2017-05-13 06:09:01.200000,10.0
685,526,S36781125,wooduc,L1379126,42.4796874,-76.4509829,2017-05-13 05:35:00,0.567,2017-05-13 06:09:01.200000,10.0
686,526,S36781125,treswa,L1379126,42.4796874,-76.4509829,2017-05-13 05:35:00,0.567,2017-05-13 06:09:01.200000,10.0
687,526,S36781125,moudov,L1379126,42.4796874,-76.4509829,2017-05-13 05:35:00,0.567,2017-05-13 06:09:01.200000,10.0
688,526,S36781125,rewbla,L1379126,42.4796874,-76.4509829,2017-05-13 05:35:00,0.567,2017-05-13 06:09:01.200000,10.0
689,526,S36781125,warvir,L1379126,42.4796874,-76.4509829,2017-05-13 05:35:00,0.567,2017-05-13 06:09:01.200000,10.0
690,526,S36781125,eursta,L1379126,42.4796874,-76.4509829,2017-05-13 05:35:00,0.567,2017-05-13 06:09:01.200000,10.0
691,526,S36781125,amerob,L1379126,42.4796874,-76.4509829,2017-05-13 05:35:00,0.567,2017-05-13 06:09:01.200000,10.0
692,526,S36781125,sonspa,L1379126,42.4796874,-76.4509829,2017-05-13 05:35:00,0.567,2017-05-13 06:09:01.200000,10.0
693,526,S36781125,blujay,L1379126,42.4796874,-76.4509829,2017-05-13 05:35:00,0.567,2017-05-13 06:09:01.200000,10.0
694,526,S36781125,belkin1,L1379126,42.4796874,-76.4509829,2017-05-13 05:35:00,0.567,2017-05-13 06:09:01.200000,10.0
695,526,S36781125,swaspa,L1379126,42.4796874,-76.4509829,2017-05-13 05:35:00,0.567,2017-05-13 06:09:01.200000,10.0
696,526,S36781125,easpho,L1379126,42.4796874,-76.4509829,2017-05-13 05:35:00,0.567,2017-05-13 06:09:01.200000,10.0
697,526,S36781125,bkcchi,L1379126,42.4796874,-76.4509829,2017-05-13 05:35:00,0.567,2017-05-13 06:09:01.200000,10.0
698,526,S36781125,woothr,L1379126,42.4796874,-76.4509829,2017-05-13 05:35:00,0.567,2017-05-13 06:09:01.200000,10.0
699,526,S36781125,yebsap,L1379126,42.4796874,-76.4509829,2017-05-13 05:35:00,0.567,2017-05-13 06:09:01.200000,10.0
700,526,S36781125,cangoo,L1379126,42.4796874,-76.4509829,2017-05-13 05:35:00,0.567,2017-05-13 06:09:01.200000,10.0
701,526,S36781125,comgra,L1379126,42.4796874,-76.4509829,2017-05-13 05:35:00,0.567,2017-05-13 06:09:01.200000,10.0
702,526,S36781125,grbher3,L1379126,42.4796874,-76.4509829,2017-05-13 05:35:00,0.567,2017-05-13 06:09:01.200000,10.0
703,527,S36781564,eursta,L1379126,42.4796874,-76.4509829,2017-05-13 06:43:00,0.083,2017-05-13 06:47:58.800000,10.0
704,527,S36781564,killde,L1379126,42.4796874,-76.4509829,2017-05-13 06:43:00,0.083,2017-05-13 06:47:58.800000,10.0
705,527,S36781564,haiwoo,L1379126,42.4796874,-76.4509829,2017-05-13 06:43:00,0.083,2017-05-13 06:47:58.800000,10.0
706,527,S36781564,balori,L1379126,42.4796874,-76.4509829,2017-05-13 06:43:00,0.083,2017-05-13 06:47:58.800000,10.0
707,527,S36781564,tuftit,L1379126,42.4796874,-76.4509829,2017-05-13 06:43:00,0.083,2017-05-13 06:47:58.800000,10.0
708,527,S36781564,amecro,L1379126,42.4796874,-76.4509829,2017-05-13 06:43:00,0.083,2017-05-13 06:47:58.800000,10.0
709,527,S36781564,cangoo,L1379126,42.4796874,-76.4509829,2017-05-13 06:43:00,0.083,2017-05-13 06:47:58.800000,10.0
710,527,S36781564,grycat,L1379126,42.4796874,-76.4509829,2017-05-13 06:43:00,0.083,2017-05-13 06:47:58.800000,10.0
711,527,S36781564,comgra,L1379126,42.4796874,-76.4509829,2017-05-13 06:43:00,0.083,2017-05-13 06:47:58.800000,10.0
712,527,S36781564,dowwoo,L1379126,42.4796874,-76.4509829,2017-05-13 06:43:00,0.083,2017-05-13 06:47:58.800000,10.0
713,527,S36781564,moudov,L1379126,42.4796874,-76.4509829,2017-05-13 06:43:00,0.083,2017-05-13 06:47:58.800000,10.0
714,527,S36781564,rewbla,L1379126,42.4796874,-76.4509829,2017-05-13 06:43:00,0.083,2017-05-13 06:47:58.800000,10.0
715,527,S36781564,rebwoo,L1379126,42.4796874,-76.4509829,2017-05-13 06:43:00,0.083,2017-05-13 06:47:58.800000,10.0
716,527,S36781564,amegfi,L1379126,42.4796874,-76.4509829,2017-05-13 06:43:00,0.083,2017-05-13 06:47:58.800000,10.0
717,528,S36781724,easblu,L1379126,42.4796874,-76.4509829,2017-05-13 05:45:00,0.25,2017-05-13 06:00:00,10.0
718,528,S36781724,wooduc,L1379126,42.4796874,-76.4509829,2017-05-13 05:45:00,0.25,2017-05-13 06:00:00,10.0
719,528,S36781724,mallar3,L1379126,42.4796874,-76.4509829,2017-05-13 05:45:00,0.25,2017-05-13 06:00:00,10.0
720,528,S36781724,moudov,L1379126,42.4796874,-76.4509829,2017-05-13 05:45:00,0.25,2017-05-13 06:00:00,10.0
721,528,S36781724,rewbla,L1379126,42.4796874,-76.4509829,2017-05-13 05:45:00,0.25,2017-05-13 06:00:00,10.0
722,528,S36781724,warvir,L1379126,42.4796874,-76.4509829,2017-05-13 05:45:00,0.25,2017-05-13 06:00:00,10.0
723,528,S36781724,amerob,L1379126,42.4796874,-76.4509829,2017-05-13 05:45:00,0.25,2017-05-13 06:00:00,10.0
724,528,S36781724,grycat,L1379126,42.4796874,-76.4509829,2017-05-13 05:45:00,0.25,2017-05-13 06:00:00,10.0
725,528,S36781724,sonspa,L1379126,42.4796874,-76.4509829,2017-05-13 05:45:00,0.25,2017-05-13 06:00:00,10.0
726,528,S36781724,balori,L1379126,42.4796874,-76.4509829,2017-05-13 05:45:00,0.25,2017-05-13 06:00:00,10.0
727,528,S36781724,blujay,L1379126,42.4796874,-76.4509829,2017-05-13 05:45:00,0.25,2017-05-13 06:00:00,10.0
728,528,S36781724,swaspa,L1379126,42.4796874,-76.4509829,2017-05-13 05:45:00,0.25,2017-05-13 06:00:00,10.0
729,528,S36781724,amecro,L1379126,42.4796874,-76.4509829,2017-05-13 05:45:00,0.25,2017-05-13 06:00:00,10.0
730,528,S36781724,bkcchi,L1379126,42.4796874,-76.4509829,2017-05-13 05:45:00,0.25,2017-05-13 06:00:00,10.0
731,528,S36781724,woothr,L1379126,42.4796874,-76.4509829,2017-05-13 05:45:00,0.25,2017-05-13 06:00:00,10.0
732,528,S36781724,yebsap,L1379126,42.4796874,-76.4509829,2017-05-13 05:45:00,0.25,2017-05-13 06:00:00,10.0
733,528,S36781724,cangoo,L1379126,42.4796874,-76.4509829,2017-05-13 05:45:00,0.25,2017-05-13 06:00:00,10.0
734,528,S36781724,comgra,L1379126,42.4796874,-76.4509829,2017-05-13 05:45:00,0.25,2017-05-13 06:00:00,10.0
735,528,S36781724,norwat,L1379126,42.4796874,-76.4509829,2017-05-13 05:45:00,0.25,2017-05-13 06:00:00,10.0
736,528,S36781724,grbher3,L1379126,42.4796874,-76.4509829,2017-05-13 05:45:00,0.25,2017-05-13 06:00:00,10.0
737,529,S36783652,chispa,L1498735,42.4777154,-76.4481604,2017-05-13 06:48:00,1.617,2017-05-13 08:25:01.200000,25.0
738,529,S36783652,bkbwar,L1498735,42.4777154,-76.4481604,2017-05-13 06:48:00,1.617,2017-05-13 08:25:01.200000,25.0
739,529,S36783652,mallar3,L1498735,42.4777154,-76.4481604,2017-05-13 06:48:00,1.617,2017-05-13 08:25:01.200000,25.0
740,529,S36783652,comyel,L1498735,42.4777154,-76.4481604,2017-05-13 06:48:00,1.617,2017-05-13 08:25:01.200000,25.0
741,529,S36783652,moudov,L1498735,42.4777154,-76.4481604,2017-05-13 06:48:00,1.617,2017-05-13 08:25:01.200000,25.0
742,529,S36783652,rewbla,L1498735,42.4777154,-76.4481604,2017-05-13 06:48:00,1.617,2017-05-13 08:25:01.200000,25.0
743,529,S36783652,rebwoo,L1498735,42.4777154,-76.4481604,2017-05-13 06:48:00,1.617,2017-05-13 08:25:01.200000,25.0
744,529,S36783652,naswar,L1498735,42.4777154,-76.4481604,2017-05-13 06:48:00,1.617,2017-05-13 08:25:01.200000,25.0
745,529,S36783652,amegfi,L1498735,42.4777154,-76.4481604,2017-05-13 06:48:00,1.617,2017-05-13 08:25:01.200000,25.0
746,529,S36783652,reevir1,L1498735,42.4777154,-76.4481604,2017-05-13 06:48:00,1.617,2017-05-13 08:25:01.200000,25.0
747,529,S36783652,eursta,L1498735,42.4777154,-76.4481604,2017-05-13 06:48:00,1.617,2017-05-13 08:25:01.200000,25.0
748,529,S36783652,warvir,L1498735,42.4777154,-76.4481604,2017-05-13 06:48:00,1.617,2017-05-13 08:25:01.200000,25.0
749,529,S36783652,amerob,L1498735,42.4777154,-76.4481604,2017-05-13 06:48:00,1.617,2017-05-13 08:25:01.200000,25.0
750,529,S36783652,grycat,L1498735,42.4777154,-76.4481604,2017-05-13 06:48:00,1.617,2017-05-13 08:25:01.200000,25.0
751,529,S36783652,sonspa,L1498735,42.4777154,-76.4481604,2017-05-13 06:48:00,1.617,2017-05-13 08:25:01.200000,25.0
752,529,S36783652,norcar,L1498735,42.4777154,-76.4481604,2017-05-13 06:48:00,1.617,2017-05-13 08:25:01.200000,25.0
753,529,S36783652,blujay,L1498735,42.4777154,-76.4481604,2017-05-13 06:48:00,1.617,2017-05-13 08:25:01.200000,25.0
754,529,S36783652,balori,L1498735,42.4777154,-76.4481604,2017-05-13 06:48:00,1.617,2017-05-13 08:25:01.200000,25.0
755,529,S36783652,ovenbi1,L1498735,42.4777154,-76.4481604,2017-05-13 06:48:00,1.617,2017-05-13 08:25:01.200000,25.0
756,529,S36783652,amecro,L1498735,42.4777154,-76.4481604,2017-05-13 06:48:00,1.617,2017-05-13 08:25:01.200000,25.0
757,529,S36783652,bnhcow,L1498735,42.4777154,-76.4481604,2017-05-13 06:48:00,1.617,2017-05-13 08:25:01.200000,25.0
758,529,S36783652,bkcchi,L1498735,42.4777154,-76.4481604,2017-05-13 06:48:00,1.617,2017-05-13 08:25:01.200000,25.0
759,529,S36783652,leafly,L1498735,42.4777154,-76.4481604,2017-05-13 06:48:00,1.617,2017-05-13 08:25:01.200000,25.0
760,529,S36783652,amered,L1498735,42.4777154,-76.4481604,2017-05-13 06:48:00,1.617,2017-05-13 08:25:01.200000,25.0
761,529,S36783652,grcfly,L1498735,42.4777154,-76.4481604,2017-05-13 06:48:00,1.617,2017-05-13 08:25:01.200000,25.0
762,529,S36783652,haiwoo,L1498735,42.4777154,-76.4481604,2017-05-13 06:48:00,1.617,2017-05-13 08:25:01.200000,25.0
763,529,S36783652,yebsap,L1498735,42.4777154,-76.4481604,2017-05-13 06:48:00,1.617,2017-05-13 08:25:01.200000,25.0
764,529,S36783652,tuftit,L1498735,42.4777154,-76.4481604,2017-05-13 06:48:00,1.617,2017-05-13 08:25:01.200000,25.0
765,529,S36783652,cangoo,L1498735,42.4777154,-76.4481604,2017-05-13 06:48:00,1.617,2017-05-13 08:25:01.200000,25.0
766,529,S36783652,comgra,L1498735,42.4777154,-76.4481604,2017-05-13 06:48:00,1.617,2017-05-13 08:25:01.200000,25.0
767,529,S36783652,norwat,L1498735,42.4777154,-76.4481604,2017-05-13 06:48:00,1.617,2017-05-13 08:25:01.200000,25.0
768,529,S36783652,norfli,L1498735,42.4777154,-76.4481604,2017-05-13 06:48:00,1.617,2017-05-13 08:25:01.200000,25.0
769,530,S36784111,amerob,L1544410,42.4812919,-76.4510491,2017-05-13 08:29:00,0.217,2017-05-13 08:42:01.200000,11.0
770,530,S36784111,eursta,L1544410,42.4812919,-76.4510491,2017-05-13 08:29:00,0.217,2017-05-13 08:42:01.200000,11.0
771,530,S36784111,woothr,L1544410,42.4812919,-76.4510491,2017-05-13 08:29:00,0.217,2017-05-13 08:42:01.200000,11.0
772,530,S36784111,balori,L1544410,42.4812919,-76.4510491,2017-05-13 08:29:00,0.217,2017-05-13 08:42:01.200000,11.0
773,530,S36784111,chispa,L1544410,42.4812919,-76.4510491,2017-05-13 08:29:00,0.217,2017-05-13 08:42:01.200000,11.0
774,530,S36784111,easpho,L1544410,42.4812919,-76.4510491,2017-05-13 08:29:00,0.217,2017-05-13 08:42:01.200000,11.0
775,530,S36784111,warvir,L1544410,42.4812919,-76.4510491,2017-05-13 08:29:00,0.217,2017-05-13 08:42:01.200000,11.0
776,530,S36784111,comgra,L1544410,42.4812919,-76.4510491,2017-05-13 08:29:00,0.217,2017-05-13 08:42:01.200000,11.0
777,530,S36784111,sonspa,L1544410,42.4812919,-76.4510491,2017-05-13 08:29:00,0.217,2017-05-13 08:42:01.200000,11.0
778,530,S36784111,comyel,L1544410,42.4812919,-76.4510491,2017-05-13 08:29:00,0.217,2017-05-13 08:42:01.200000,11.0
779,530,S36784111,moudov,L1544410,42.4812919,-76.4510491,2017-05-13 08:29:00,0.217,2017-05-13 08:42:01.200000,11.0
780,530,S36784111,yelwar,L1544410,42.4812919,-76.4510491,2017-05-13 08:29:00,0.217,2017-05-13 08:42:01.200000,11.0
781,530,S36784111,rewbla,L1544410,42.4812919,-76.4510491,2017-05-13 08:29:00,0.217,2017-05-13 08:42:01.200000,11.0
782,530,S36784111,grbher3,L1544410,42.4812919,-76.4510491,2017-05-13 08:29:00,0.217,2017-05-13 08:42:01.200000,11.0
783,530,S36784111,whbnut,L1544410,42.4812919,-76.4510491,2017-05-13 08:29:00,0.217,2017-05-13 08:42:01.200000,11.0
784,530,S36784111,norcar,L1544410,42.4812919,-76.4510491,2017-05-13 08:29:00,0.217,2017-05-13 08:42:01.200000,11.0
785,530,S36784111,blujay,L1544410,42.4812919,-76.4510491,2017-05-13 08:29:00,0.217,2017-05-13 08:42:01.200000,11.0
786,531,S36784917,chispa,L1379126,42.4796874,-76.4509829,2017-05-13 08:47:00,0.367,2017-05-13 09:09:01.200000,10.0
787,531,S36784917,moudov,L1379126,42.4796874,-76.4509829,2017-05-13 08:47:00,0.367,2017-05-13 09:09:01.200000,10.0
788,531,S36784917,yelwar,L1379126,42.4796874,-76.4509829,2017-05-13 08:47:00,0.367,2017-05-13 09:09:01.200000,10.0
789,531,S36784917,rewbla,L1379126,42.4796874,-76.4509829,2017-05-13 08:47:00,0.367,2017-05-13 09:09:01.200000,10.0
790,531,S36784917,whbnut,L1379126,42.4796874,-76.4509829,2017-05-13 08:47:00,0.367,2017-05-13 09:09:01.200000,10.0
791,531,S36784917,amegfi,L1379126,42.4796874,-76.4509829,2017-05-13 08:47:00,0.367,2017-05-13 09:09:01.200000,10.0
792,531,S36784917,eursta,L1379126,42.4796874,-76.4509829,2017-05-13 08:47:00,0.367,2017-05-13 09:09:01.200000,10.0
793,531,S36784917,whcspa,L1379126,42.4796874,-76.4509829,2017-05-13 08:47:00,0.367,2017-05-13 09:09:01.200000,10.0
794,531,S36784917,grycat,L1379126,42.4796874,-76.4509829,2017-05-13 08:47:00,0.367,2017-05-13 09:09:01.200000,10.0
795,531,S36784917,sonspa,L1379126,42.4796874,-76.4509829,2017-05-13 08:47:00,0.367,2017-05-13 09:09:01.200000,10.0
796,531,S36784917,norcar,L1379126,42.4796874,-76.4509829,2017-05-13 08:47:00,0.367,2017-05-13 09:09:01.200000,10.0
797,531,S36784917,balori,L1379126,42.4796874,-76.4509829,2017-05-13 08:47:00,0.367,2017-05-13 09:09:01.200000,10.0
798,531,S36784917,blujay,L1379126,42.4796874,-76.4509829,2017-05-13 08:47:00,0.367,2017-05-13 09:09:01.200000,10.0
799,531,S36784917,swaspa,L1379126,42.4796874,-76.4509829,2017-05-13 08:47:00,0.367,2017-05-13 09:09:01.200000,10.0
800,531,S36784917,amecro,L1379126,42.4796874,-76.4509829,2017-05-13 08:47:00,0.367,2017-05-13 09:09:01.200000,10.0
801,531,S36784917,dowwoo,L1379126,42.4796874,-76.4509829,2017-05-13 08:47:00,0.367,2017-05-13 09:09:01.200000,10.0
802,531,S36784917,haiwoo,L1379126,42.4796874,-76.4509829,2017-05-13 08:47:00,0.367,2017-05-13 09:09:01.200000,10.0
803,531,S36784917,woothr,L1379126,42.4796874,-76.4509829,2017-05-13 08:47:00,0.367,2017-05-13 09:09:01.200000,10.0
804,531,S36784917,tuftit,L1379126,42.4796874,-76.4509829,2017-05-13 08:47:00,0.367,2017-05-13 09:09:01.200000,10.0
805,531,S36784917,cangoo,L1379126,42.4796874,-76.4509829,2017-05-13 08:47:00,0.367,2017-05-13 09:09:01.200000,10.0
806,531,S36784917,comgra,L1379126,42.4796874,-76.4509829,2017-05-13 08:47:00,0.367,2017-05-13 09:09:01.200000,10.0
807,531,S36784917,grbher3,L1379126,42.4796874,-76.4509829,2017-05-13 08:47:00,0.367,2017-05-13 09:09:01.200000,10.0
808,532,S36791778,chispa,L97555,42.4787599,-76.4529133,2017-05-11 08:00:00,1.5,2017-05-11 09:30:00,18.0
809,532,S36791778,mallar3,L97555,42.4787599,-76.4529133,2017-05-11 08:00:00,1.5,2017-05-11 09:30:00,18.0
810,532,S36791778,moudov,L97555,42.4787599,-76.4529133,2017-05-11 08:00:00,1.5,2017-05-11 09:30:00,18.0
811,532,S36791778,rewbla,L97555,42.4787599,-76.4529133,2017-05-11 08:00:00,1.5,2017-05-11 09:30:00,18.0
812,532,S36791778,whbnut,L97555,42.4787599,-76.4529133,2017-05-11 08:00:00,1.5,2017-05-11 09:30:00,18.0
813,532,S36791778,rebwoo,L97555,42.4787599,-76.4529133,2017-05-11 08:00:00,1.5,2017-05-11 09:30:00,18.0
814,532,S36791778,amegfi,L97555,42.4787599,-76.4529133,2017-05-11 08:00:00,1.5,2017-05-11 09:30:00,18.0
815,532,S36791778,whcspa,L97555,42.4787599,-76.4529133,2017-05-11 08:00:00,1.5,2017-05-11 09:30:00,18.0
816,532,S36791778,amerob,L97555,42.4787599,-76.4529133,2017-05-11 08:00:00,1.5,2017-05-11 09:30:00,18.0
817,532,S36791778,eursta,L97555,42.4787599,-76.4529133,2017-05-11 08:00:00,1.5,2017-05-11 09:30:00,18.0
818,532,S36791778,sposan,L97555,42.4787599,-76.4529133,2017-05-11 08:00:00,1.5,2017-05-11 09:30:00,18.0
819,532,S36791778,grycat,L97555,42.4787599,-76.4529133,2017-05-11 08:00:00,1.5,2017-05-11 09:30:00,18.0
820,532,S36791778,sonspa,L97555,42.4787599,-76.4529133,2017-05-11 08:00:00,1.5,2017-05-11 09:30:00,18.0
821,532,S36791778,norcar,L97555,42.4787599,-76.4529133,2017-05-11 08:00:00,1.5,2017-05-11 09:30:00,18.0
822,532,S36791778,blujay,L97555,42.4787599,-76.4529133,2017-05-11 08:00:00,1.5,2017-05-11 09:30:00,18.0
823,532,S36791778,belkin1,L97555,42.4787599,-76.4529133,2017-05-11 08:00:00,1.5,2017-05-11 09:30:00,18.0
824,532,S36791778,balori,L97555,42.4787599,-76.4529133,2017-05-11 08:00:00,1.5,2017-05-11 09:30:00,18.0
825,532,S36791778,ovenbi1,L97555,42.4787599,-76.4529133,2017-05-11 08:00:00,1.5,2017-05-11 09:30:00,18.0
826,532,S36791778,amecro,L97555,42.4787599,-76.4529133,2017-05-11 08:00:00,1.5,2017-05-11 09:30:00,18.0
827,532,S36791778,easpho,L97555,42.4787599,-76.4529133,2017-05-11 08:00:00,1.5,2017-05-11 09:30:00,18.0
828,532,S36791778,dowwoo,L97555,42.4787599,-76.4529133,2017-05-11 08:00:00,1.5,2017-05-11 09:30:00,18.0
829,532,S36791778,bkcchi,L97555,42.4787599,-76.4529133,2017-05-11 08:00:00,1.5,2017-05-11 09:30:00,18.0
830,532,S36791778,amered,L97555,42.4787599,-76.4529133,2017-05-11 08:00:00,1.5,2017-05-11 09:30:00,18.0
831,532,S36791778,tuftit,L97555,42.4787599,-76.4529133,2017-05-11 08:00:00,1.5,2017-05-11 09:30:00,18.0
832,532,S36791778,cangoo,L97555,42.4787599,-76.4529133,2017-05-11 08:00:00,1.5,2017-05-11 09:30:00,18.0
833,532,S36791778,comgra,L97555,42.4787599,-76.4529133,2017-05-11 08:00:00,1.5,2017-05-11 09:30:00,18.0
834,532,S36791778,grbher3,L97555,42.4787599,-76.4529133,2017-05-11 08:00:00,1.5,2017-05-11 09:30:00,18.0
835,533,S36792298,comyel,L1246441,42.4804057,-76.4532351,2017-05-12 08:04:00,0.567,2017-05-12 08:38:01.200000,15.0
836,533,S36792298,moudov,L1246441,42.4804057,-76.4532351,2017-05-12 08:04:00,0.567,2017-05-12 08:38:01.200000,15.0
837,533,S36792298,rewbla,L1246441,42.4804057,-76.4532351,2017-05-12 08:04:00,0.567,2017-05-12 08:38:01.200000,15.0
838,533,S36792298,rebwoo,L1246441,42.4804057,-76.4532351,2017-05-12 08:04:00,0.567,2017-05-12 08:38:01.200000,15.0
839,533,S36792298,amegfi,L1246441,42.4804057,-76.4532351,2017-05-12 08:04:00,0.567,2017-05-12 08:38:01.200000,15.0
840,533,S36792298,amerob,L1246441,42.4804057,-76.4532351,2017-05-12 08:04:00,0.567,2017-05-12 08:38:01.200000,15.0
841,533,S36792298,grycat,L1246441,42.4804057,-76.4532351,2017-05-12 08:04:00,0.567,2017-05-12 08:38:01.200000,15.0
842,533,S36792298,sonspa,L1246441,42.4804057,-76.4532351,2017-05-12 08:04:00,0.567,2017-05-12 08:38:01.200000,15.0
843,533,S36792298,norcar,L1246441,42.4804057,-76.4532351,2017-05-12 08:04:00,0.567,2017-05-12 08:38:01.200000,15.0
844,533,S36792298,blujay,L1246441,42.4804057,-76.4532351,2017-05-12 08:04:00,0.567,2017-05-12 08:38:01.200000,15.0
845,533,S36792298,balori,L1246441,42.4804057,-76.4532351,2017-05-12 08:04:00,0.567,2017-05-12 08:38:01.200000,15.0
846,533,S36792298,swaspa,L1246441,42.4804057,-76.4532351,2017-05-12 08:04:00,0.567,2017-05-12 08:38:01.200000,15.0
847,533,S36792298,whtspa,L1246441,42.4804057,-76.4532351,2017-05-12 08:04:00,0.567,2017-05-12 08:38:01.200000,15.0
848,533,S36792298,ovenbi1,L1246441,42.4804057,-76.4532351,2017-05-12 08:04:00,0.567,2017-05-12 08:38:01.200000,15.0
849,533,S36792298,easpho,L1246441,42.4804057,-76.4532351,2017-05-12 08:04:00,0.567,2017-05-12 08:38:01.200000,15.0
850,533,S36792298,dowwoo,L1246441,42.4804057,-76.4532351,2017-05-12 08:04:00,0.567,2017-05-12 08:38:01.200000,15.0
851,533,S36792298,cangoo,L1246441,42.4804057,-76.4532351,2017-05-12 08:04:00,0.567,2017-05-12 08:38:01.200000,15.0
852,533,S36792298,comgra,L1246441,42.4804057,-76.4532351,2017-05-12 08:04:00,0.567,2017-05-12 08:38:01.200000,15.0
853,533,S36792298,norfli,L1246441,42.4804057,-76.4532351,2017-05-12 08:04:00,0.567,2017-05-12 08:38:01.200000,15.0
854,540,S36868881,norwat,L1498735,42.4777154,-76.4481604,2017-05-13 13:00:00,0.5,2017-05-13 13:30:00,25.0
855,540,S36868881,norcar,L1498735,42.4777154,-76.4481604,2017-05-13 13:00:00,0.5,2017-05-13 13:30:00,25.0
856,540,S36868881,ovenbi1,L1498735,42.4777154,-76.4481604,2017-05-13 13:00:00,0.5,2017-05-13 13:30:00,25.0
857,541,S36868982,haiwoo,L1498729,42.4795201,-76.4551642,2017-05-13 14:00:00,0.5,2017-05-13 14:30:00,14.0
858,541,S36868982,ruckin,L1498729,42.4795201,-76.4551642,2017-05-13 14:00:00,0.5,2017-05-13 14:30:00,14.0
859,541,S36868982,balori,L1498729,42.4795201,-76.4551642,2017-05-13 14:00:00,0.5,2017-05-13 14:30:00,14.0
860,541,S36868982,ovenbi1,L1498729,42.4795201,-76.4551642,2017-05-13 14:00:00,0.5,2017-05-13 14:30:00,14.0
861,541,S36868982,blujay,L1498729,42.4795201,-76.4551642,2017-05-13 14:00:00,0.5,2017-05-13 14:30:00,14.0
862,541,S36868982,grycat,L1498729,42.4795201,-76.4551642,2017-05-13 14:00:00,0.5,2017-05-13 14:30:00,14.0
863,541,S36868982,cangoo,L1498729,42.4795201,-76.4551642,2017-05-13 14:00:00,0.5,2017-05-13 14:30:00,14.0
864,541,S36868982,comyel,L1498729,42.4795201,-76.4551642,2017-05-13 14:00:00,0.5,2017-05-13 14:30:00,14.0
865,541,S36868982,comgra,L1498729,42.4795201,-76.4551642,2017-05-13 14:00:00,0.5,2017-05-13 14:30:00,14.0
866,541,S36868982,sonspa,L1498729,42.4795201,-76.4551642,2017-05-13 14:00:00,0.5,2017-05-13 14:30:00,14.0
867,541,S36868982,bkcchi,L1498729,42.4795201,-76.4551642,2017-05-13 14:00:00,0.5,2017-05-13 14:30:00,14.0
868,541,S36868982,daejun,L1498729,42.4795201,-76.4551642,2017-05-13 14:00:00,0.5,2017-05-13 14:30:00,14.0
869,541,S36868982,yelwar,L1498729,42.4795201,-76.4551642,2017-05-13 14:00:00,0.5,2017-05-13 14:30:00,14.0
870,541,S36868982,rewbla,L1498729,42.4795201,-76.4551642,2017-05-13 14:00:00,0.5,2017-05-13 14:30:00,14.0
871,541,S36868982,rebwoo,L1498729,42.4795201,-76.4551642,2017-05-13 14:00:00,0.5,2017-05-13 14:30:00,14.0
872,541,S36868982,pilwoo,L1498729,42.4795201,-76.4551642,2017-05-13 14:00:00,0.5,2017-05-13 14:30:00,14.0
873,541,S36868982,amegfi,L1498729,42.4795201,-76.4551642,2017-05-13 14:00:00,0.5,2017-05-13 14:30:00,14.0
874,551,S36874312,eursta,L1246441,42.4804057,-76.4532351,2017-05-13 05:40:00,0.25,2017-05-13 05:55:00,15.0
875,551,S36874312,easblu,L1246441,42.4804057,-76.4532351,2017-05-13 05:40:00,0.25,2017-05-13 05:55:00,15.0
876,551,S36874312,amerob,L1246441,42.4804057,-76.4532351,2017-05-13 05:40:00,0.25,2017-05-13 05:55:00,15.0
877,551,S36874312,woothr,L1246441,42.4804057,-76.4532351,2017-05-13 05:40:00,0.25,2017-05-13 05:55:00,15.0
878,551,S36874312,yebsap,L1246441,42.4804057,-76.4532351,2017-05-13 05:40:00,0.25,2017-05-13 05:55:00,15.0
879,551,S36874312,chispa,L1246441,42.4804057,-76.4532351,2017-05-13 05:40:00,0.25,2017-05-13 05:55:00,15.0
880,551,S36874312,blujay,L1246441,42.4804057,-76.4532351,2017-05-13 05:40:00,0.25,2017-05-13 05:55:00,15.0
881,551,S36874312,cangoo,L1246441,42.4804057,-76.4532351,2017-05-13 05:40:00,0.25,2017-05-13 05:55:00,15.0
882,551,S36874312,sonspa,L1246441,42.4804057,-76.4532351,2017-05-13 05:40:00,0.25,2017-05-13 05:55:00,15.0
883,551,S36874312,comgra,L1246441,42.4804057,-76.4532351,2017-05-13 05:40:00,0.25,2017-05-13 05:55:00,15.0
884,551,S36874312,moudov,L1246441,42.4804057,-76.4532351,2017-05-13 05:40:00,0.25,2017-05-13 05:55:00,15.0
885,551,S36874312,rewbla,L1246441,42.4804057,-76.4532351,2017-05-13 05:40:00,0.25,2017-05-13 05:55:00,15.0
886,551,S36874312,grbher3,L1246441,42.4804057,-76.4532351,2017-05-13 05:40:00,0.25,2017-05-13 05:55:00,15.0
887,551,S36874312,rebwoo,L1246441,42.4804057,-76.4532351,2017-05-13 05:40:00,0.25,2017-05-13 05:55:00,15.0
888,551,S36874312,norcar,L1246441,42.4804057,-76.4532351,2017-05-13 05:40:00,0.25,2017-05-13 05:55:00,15.0
889,551,S36874312,balori,L1246441,42.4804057,-76.4532351,2017-05-13 05:40:00,0.25,2017-05-13 05:55:00,15.0
